"","PLOT","REP","INSTN","NTP","LB1","LB2","LB3","LB4","LB5","LB6","LB7","LB8","AUDPC","rAUDPC","SAUDPC"
"1","1","1","CIP395011.2",10,0,1,1,5,20,35,45,70,995.5,0.191442307692308,1.7
"2","2","1","CIP393385.39",10,0,0,0,1,8,45,70,80,1148,0.220769230769231,1.9
"3","3","1","CIP392634.49",10,0,0,0,1,3,10,20,40,378,0.0726923076923077,0.6
"4","4","1","CIP393077.159",10,0,1,1,1,2,8,15,30,302.5,0.0581730769230769,0.5
"5","5","1","Cooperation88",10,0,4,5,25,30,50,75,90,1644,0.316153846153846,2.8
"6","6","1","CIP304387.39",10,0,55,95,100,100,100,100,100,4282.5,0.823557692307692,7.2
"7","7","1","CIP381381.9",10,0,20,40,55,60,80,95,100,2830,0.544230769230769,4.8
"8","8","1","CIP398208.620",10,0,0,0,0,0,5,20,40,315,0.0605769230769231,0.5
"9","9","1","CIP395123.6",10,0,0,0,0,0,1,3,10,63,0.0121153846153846,0.1
"10","10","1","CIP397055.2",10,0,50,80,100,100,100,100,100,4135,0.795192307692308,7
"11","11","1","CIP395017.14",10,0,0,0,0,0,2,3,15,87.5,0.0168269230769231,0.1
"12","12","1","CIP398098.203",10,0,0,0,0,0,2,2,20,98,0.0188461538461538,0.2
"13","13","1","CIP399085.30",10,0,1,2,2,3,3,3,10,134.5,0.0258653846153846,0.2
"14","14","1","CIP301055.53",10,0,5,20,50,55,75,85,95,2370,0.455769230769231,4
"15","15","1","CIP387164.4",10,0,0,0,1,1,2,5,20,133,0.0255769230769231,0.2
"16","16","1","CIP398190.200",10,0,0,0,0,0,1,5,20,112,0.0215384615384615,0.2
"17","17","1","CIP391011.17",10,0,0,0,1,1,10,15,35,311.5,0.0599038461538462,0.5
"18","18","1","CIP398193.158",10,3,1,3,20,25,35,65,75,1322,0.254230769230769,2.2
"19","19","1","CIP397006.18",10,0,80,100,100,100,100,100,100,4530,0.871153846153846,7.6
"20","20","1","CIP399049.14",10,0,25,25,10,10,15,15,20,807.5,0.155288461538462,1.4
"21","21","1","CIP391583.25",10,0,0,0,0,5,10,20,50,420,0.0807692307692308,0.7
"22","22","1","CIP390637.1",10,1,10,25,55,70,85,95,100,2750,0.528846153846154,4.6
"23","23","1","CIP394904.20",10,0,0,1,1,1,8,25,70,497,0.0955769230769231,0.8
"24","24","1","CIP398098.65",10,0,40,50,55,60,60,70,85,2702.5,0.519711538461539,4.5
"25","25","1","CIP398098.570",10,0,0,1,3,10,55,70,90,1288,0.247692307692308,2.2
"26","26","1","CIP394899.5",10,0,0,1,1,15,70,85,95,1536.5,0.295480769230769,2.6
"27","27","1","CIP300055.32",10,0,0,1,1,30,80,93,95,1767.5,0.339903846153846,3
"28","28","1","CIP397065.2",10,2,50,60,90,95,98,100,100,3886,0.747307692307692,6.5
"29","29","1","CIP301024.95",10,0,0,1,10,15,25,40,70,882,0.169615384615385,1.5
"30","30","1","CIP393083.2",10,0,0,0,0,1,10,18,40,343,0.0659615384615385,0.6
"31","31","1","CIP398208.33",10,0,15,20,60,65,80,100,100,2752.5,0.529326923076923,4.6
"32","32","1","CIP391047.34",10,0,0,1,3,3,10,25,50,469,0.0901923076923077,0.8
"33","33","1","CIP395111.13",10,0,0,0,0,0,0,0,0,0,0,0
"34","34","1","CIP300054.29",10,5,80,100,100,100,100,100,100,4555,0.875961538461538,7.7
"35","35","1","CIP398180.144",10,0,2,2,5,20,72,85,95,1637.5,0.314903846153846,2.8
"36","36","1","CIP391004.18",10,0,15,15,60,60,60,70,85,2280,0.438461538461538,3.8
"37","37","1","CIP391207.2",10,0,30,60,90,95,100,100,100,3720,0.715384615384615,6.3
"38","38","1","CIP398192.553",10,0,1,1,1,5,10,25,45,460,0.0884615384615385,0.8
"39","39","1","CIP395096.2",10,0,1,1,1,5,10,40,70,652.5,0.125480769230769,1.1
"40","40","1","CIP395037.107",10,0,3,2,3,5,8,10,35,344,0.0661538461538462,0.6
"41","41","1","CIP397079.6",10,0,50,55,95,95,98,100,100,3876,0.745384615384615,6.5
"42","42","1","CIP397079.26",10,1,15,15,30,35,60,93,98,2106.5,0.405096153846154,3.5
"43","43","1","CIP395448.1",10,0,0,1,1,1,3,10,25,199.5,0.0383653846153846,0.3
"44","44","1","CIP395017.229",10,0,0,0,0,1,2,5,20,126,0.0242307692307692,0.2
"45","45","1","CIP300066.11",10,1,40,60,95,95,100,100,100,3845,0.739423076923077,6.5
"46","46","1","CIP395112.19",10,0,3,5,5,5,8,8,20,312.5,0.0600961538461538,0.5
"47","47","1","CIP397067.2",10,0,95,100,100,100,100,100,100,4657.5,0.895673076923077,7.8
"48","48","1","CIP397077.16",10,0,85,95,99,100,100,100,100,4530.5,0.87125,7.6
"49","49","1","CIP392821.1",10,0,0,1,1,10,60,85,95,1431.5,0.275288461538462,2.4
"50","50","1","CIP385499.11",10,0,50,90,100,100,100,100,100,4205,0.808653846153846,7.1
"51","51","1","CIP396023.109",10,0,0,0,0,1,5,40,70,567,0.109038461538462,1
"52","52","1","CIP393615.6",10,0,10,15,55,60,75,85,90,2430,0.467307692307692,4.1
"53","53","1","CIP396004.225",10,0,10,25,75,85,88,95,100,3011,0.579038461538462,5.1
"54","54","1","CIP301044.36",10,0,5,35,65,75,93,100,100,2968.5,0.570865384615385,5
"55","55","1","CIP393280.64",10,0,1,20,20,20,25,25,60,988.5,0.190096153846154,1.7
"56","56","1","CIP391065.81",10,0,0,0,0,1,20,50,65,724.5,0.139326923076923,1.2
"57","57","1","CIP399053.11",10,0,1,1,1,1,3,3,5,89,0.0171153846153846,0.1
"58","58","1","CIP398208.219",10,0,15,25,70,70,80,95,100,2857.5,0.549519230769231,4.8
"59","59","1","CIP304350.95",10,40,100,100,100,100,100,100,100,4900,0.942307692307692,8.2
"60","60","1","CIP394900.1",10,0,95,100,100,100,100,100,100,4657.5,0.895673076923077,7.8
"61","61","1","CIP374080.5",10,0,0,1,2,2,2,5,25,171.5,0.0329807692307692,0.3
"62","62","1","CIP399072.28",10,0,0,0,0,0,0,5,15,87.5,0.0168269230769231,0.1
"63","63","1","CIP300101.11",10,0,80,90,90,95,98,100,100,4341,0.834807692307692,7.3
"64","64","1","CIP393613.2",10,0,80,90,90,95,98,100,100,4341,0.834807692307692,7.3
"65","65","1","CIP398192.592",10,0,1,1,5,10,40,60,80,1100.5,0.211634615384615,1.9
"66","66","1","CIP300048.12",10,0,85,100,100,100,100,100,100,4572.5,0.879326923076923,7.7
"67","67","1","CIP395436.8",10,0,10,15,70,80,90,100,100,2920,0.561538461538462,4.9
"68","68","1","CIP396009.258",10,0,10,10,10,15,35,60,75,1257.5,0.241826923076923,2.1
"69","69","1","CIP396180.22",10,0,80,85,85,90,95,100,100,4215,0.810576923076923,7.1
"70","70","1","CIP396063.1",10,0,0,0,0,1,8,38,60,539,0.103653846153846,0.9
"71","71","1","CIP393349.68",10,0,0,0,0,1,8,38,60,539,0.103653846153846,0.9
"72","72","1","CIP398180.612",10,0,0,0,0,1,8,25,50,413,0.0794230769230769,0.7
"73","73","1","CIP399083.4",10,0,10,10,10,10,12,15,50,659,0.126730769230769,1.1
"74","74","1","CIP394600.52",10,0,8,10,30,50,75,90,100,2203,0.423653846153846,3.7
"75","75","1","CIP399049.16",10,0,3,5,5,5,5,5,5,218,0.0419230769230769,0.4
"76","76","1","CIP304366.46",10,0,15,20,65,65,65,70,95,2455,0.472115384615385,4.1
"77","77","1","CIP393382.44",10,0,5,15,30,40,65,85,95,2020,0.388461538461538,3.4
"78","78","1","CIP392637.10",10,0,0,5,5,5,25,35,60,735,0.141346153846154,1.2
"79","79","1","CIP398098.231",10,0,0,1,1,5,20,60,70,854,0.164230769230769,1.4
"80","80","1","CIP399075.32",10,0,0,0,0,0,2,10,25,171.5,0.0329807692307692,0.3
"81","81","1","CIP394613.139",10,0,70,80,90,95,95,98,100,4151,0.798269230769231,7
"82","82","1","CIP393085.5",10,0,0,0,1,5,15,45,60,672,0.129230769230769,1.1
"83","83","1","CIP392634.52",10,0,0,0,0,5,15,25,75,577.5,0.111057692307692,1
"84","84","1","CIP396034.268",10,0,70,70,85,85,85,90,95,3832.5,0.737019230769231,6.4
"85","85","1","CIP384321.3",10,0,0,0,0,0,10,20,40,350,0.0673076923076923,0.6
"86","86","1","CIP304345.102",10,0,50,70,85,90,100,100,100,3890,0.748076923076923,6.5
"87","87","1","CIP392025.7",10,0,30,55,80,85,95,100,100,3510,0.675,5.9
"88","88","1","CIP300093.14",10,10,95,100,100,100,100,100,100,4707.5,0.905288461538462,7.9
"89","89","1","CIP393385.47",10,0,0,40,50,60,85,100,100,2695,0.518269230769231,4.5
"90","90","1","CIP398190.404",10,0,0,0,0,0,1,10,35,199.5,0.0383653846153846,0.3
"91","91","1","CIP395112.6",10,0,1,15,30,35,50,60,70,1583.5,0.304519230769231,2.7
"92","92","1","CIP694474.33",10,0,20,35,50,60,70,95,100,2690,0.517307692307692,4.5
"93","93","1","CIP381381.13",10,0,20,25,40,50,60,90,95,2357.5,0.453365384615385,4
"94","94","1","CIP392740.4",10,70,95,100,100,100,100,100,100,5007.5,0.962980769230769,8.4
"95","95","1","CIP395109.29",10,0,0,0,0,5,15,55,70,770,0.148076923076923,1.3
"96","96","1","CIP396269.16",10,0,20,20,25,35,35,43,65,1503.5,0.289134615384615,2.5
"97","97","1","CIP396272.21",10,0,40,50,55,65,70,83,95,2933.5,0.564134615384615,4.9
"98","98","1","CIP396063.16",10,0,0,40,40,40,40,40,60,1610,0.309615384615385,2.7
"99","99","1","CIP395015.6",10,1,0,1,2,2,3,40,65,568.5,0.109326923076923,1
"100","100","1","CIP396046.105",10,0,0,15,20,20,25,25,50,910,0.175,1.5
"101","101","1","CIP399067.22",10,1,1,5,5,5,5,5,10,223.5,0.0429807692307692,0.4
"102","102","1","CIP397029.21",10,5,50,60,65,75,85,100,100,3495,0.672115384615385,5.9
"103","103","1","CIP391382.18",10,1,70,80,90,95,98,100,100,4191,0.805961538461539,7
"104","104","1","CIP301045.74",10,1,50,70,95,100,100,100,100,4035,0.775961538461538,6.8
"105","105","1","CIP397012.22",10,1,70,90,90,95,100,100,100,4275,0.822115384615385,7.2
"106","106","1","CIP396038.101",10,5,60,60,70,75,80,88,95,3478.5,0.668942307692308,5.8
"107","107","1","CIP379706.27",10,10,80,95,95,95,100,100,100,4475,0.860576923076923,7.5
"108","108","1","CIP398193.650",10,0,5,10,10,20,55,60,80,1407.5,0.270673076923077,2.4
"109","109","1","CIP302499.30",10,5,95,100,100,100,100,100,100,4682.5,0.900480769230769,7.9
"110","110","1","CIP398190.605",10,0,5,8,10,15,35,40,65,1026,0.197307692307692,1.7
"111","111","1","CIP301024.14",10,0,0,0,1,1,5,20,50,364,0.07,0.6
"112","112","1","CIP301037.85",10,1,10,10,10,15,20,25,50,825,0.158653846153846,1.4
"113","113","1","CIP304350.118",10,5,95,95,100,100,100,100,100,4647.5,0.89375,7.8
"114","114","1","CIP399049.22",10,1,10,30,25,2,2,2,10,552,0.106153846153846,0.9
"115","115","1","CIP394223.19",10,3,40,40,45,50,55,90,100,2665,0.5125,4.5
"116","116","1","CIP393220.54",10,1,1,1,2,50,80,90,100,1924.5,0.370096153846154,3.2
"117","117","1","CIP304350.78",10,0,0,0,0,0,3,15,55,318.5,0.06125,0.5
"118","118","1","CIP397039.51",10,20,95,100,100,100,100,100,100,4757.5,0.914903846153846,8
"119","119","1","CIP396273.48",10,2,15,15,20,20,25,35,60,1152.5,0.221634615384615,1.9
"120","120","1","CIP397030.31",10,3,5,5,5,5,15,50,75,880,0.169230769230769,1.5
"121","121","1","CIP304351.31",10,5,50,55,60,70,85,98,100,3376,0.649230769230769,5.7
"122","122","1","CIP394898.13",10,2,5,5,5,5,5,10,30,367.5,0.0706730769230769,0.6
"123","123","1","CIP396004.263",10,3,40,60,70,75,85,90,95,3347.5,0.64375,5.6
"124","124","1","CIP398208.58",10,4,40,45,55,70,90,98,100,3216,0.618461538461539,5.4
"125","125","1","CIP391724.1",10,7,90,100,100,100,100,100,100,4650,0.894230769230769,7.8
"126","126","1","CIP392822.3",10,8,95,100,100,100,100,100,100,4697.5,0.903365384615385,7.9
"127","127","1","CIP399085.23",10,1,1,5,2,2,2,2,2,111.5,0.0214423076923077,0.2
"128","128","1","CIP394906.6",10,1,0,0,0,0,1,3,10,68,0.0130769230769231,0.1
"129","129","1","CIP399078.11",10,0,0,5,15,20,25,25,45,787.5,0.151442307692308,1.3
"130","130","1","CIP399079.22",10,1,10,10,20,25,35,35,60,1175,0.225961538461538,2
"131","131","1","CIP394613.32",10,1,90,95,97,97,100,100,100,4543,0.873653846153846,7.6
"132","132","1","CIP393073.197",10,0,15,40,60,75,85,95,98,2955.5,0.568365384615385,5
"133","133","1","CIP396268.9",10,0,15,20,35,75,85,95,98,2640.5,0.507788461538462,4.4
"134","134","1","CIP300065.4",10,4,85,95,95,100,100,100,100,4522.5,0.869711538461538,7.6
"135","135","1","CIP391580.30",10,0,40,55,85,93,98,100,100,3707,0.712884615384615,6.2
"136","136","1","CIP300046.22",10,0,0,1,1,25,70,90,95,1641.5,0.315673076923077,2.8
"137","137","1","CIP800048",10,20,95,100,100,100,100,100,100,4757.5,0.914903846153846,8
"138","138","1","CIP391585.179",10,0,0,5,5,5,40,55,80,1050,0.201923076923077,1.8
"139","139","1","CIP304371.67",10,3,95,98,98,100,100,100,100,4644.5,0.893173076923077,7.8
"140","140","1","CIP389746.2",10,1,25,25,55,60,65,65,75,2370,0.455769230769231,4
"141","141","1","CIP391058.175",10,0,0,0,1,3,15,50,70,728,0.14,1.2
"142","142","1","CIP391931.1",10,3,95,95,95,95,98,100,100,4553.5,0.875673076923077,7.7
"143","143","1","CIP393248.55",10,0,0,0,0,3,55,78,85,1249.5,0.240288461538462,2.1
"144","144","1","CIP394895.7",10,0,1,5,15,25,70,88,98,1772.5,0.340865384615385,3
"145","145","1","CIP300072.1",10,10,90,100,100,100,100,100,100,4665,0.897115384615385,7.8
"146","146","1","CIP392617.54",10,0,0,1,2,5,30,60,75,948.5,0.182403846153846,1.6
"147","147","1","CIP393371.157",10,0,5,15,35,50,60,75,95,2020,0.388461538461538,3.4
"148","148","1","CIP391065.69",10,0,0,0,0,3,20,60,75,843.5,0.162211538461538,1.4
"149","149","1","CIP393280.82",10,0,0,0,0,0,2,5,30,154,0.0296153846153846,0.3
"150","150","1","CIP300135.3",10,1,95,95,100,100,100,100,100,4627.5,0.889903846153846,7.8
"151","151","1","CIP302498.70",10,10,95,95,100,100,100,100,100,4672.5,0.898557692307692,7.9
"152","152","1","CIP391930.1",10,15,75,75,85,88,90,100,100,4128.5,0.793942307692308,6.9
"153","153","1","CIP394579.36",10,50,95,100,100,100,100,100,100,4907.5,0.94375,8.3
"154","154","1","CIP395169.17",10,0,0,0,1,3,8,30,55,486.5,0.0935576923076923,0.8
"155","155","1","CIP399053.15",10,0,30,35,50,55,60,60,65,2302.5,0.442788461538462,3.9
"156","156","1","CIP301056.54",10,1,30,50,80,80,80,80,85,3147.5,0.605288461538461,5.3
"157","157","1","CIP395112.32",10,0,3,5,15,40,65,85,90,1810.5,0.348173076923077,3
"158","158","1","CIP393284.39",10,0,0,1,1,5,25,30,60,644,0.123846153846154,1.1
"159","159","1","CIP396018.241",10,0,8,10,25,60,70,85,90,2133,0.410192307692308,3.6
"160","160","1","CIP398208.505",10,0,0,3,10,30,80,95,100,1876,0.360769230769231,3.2
"161","161","1","CIP302476.108",10,1,85,95,97,100,100,100,100,4521.5,0.869519230769231,7.6
"162","162","1","CIP304394.56",10,10,100,100,100,100,100,100,100,4750,0.913461538461538,8
"163","163","1","CIP393227.66",10,0,0,3,3,3,3,5,25,206.5,0.0397115384615385,0.3
"164","164","1","CIP392745.7",10,1,80,90,85,88,95,100,100,4241,0.815576923076923,7.1
"165","165","1","CIP392657.8",10,0,0,0,0,5,35,55,65,892.5,0.171634615384615,1.5
"166","166","1","CIP395196.4",10,5,15,15,15,15,15,25,40,887.5,0.170673076923077,1.5
"167","167","1","CIP393079.4",10,0,1,3,2,2,2,8,15,180,0.0346153846153846,0.3
"168","168","1","CIP395017.242",10,0,0,0,0,0,0,5,25,122.5,0.0235576923076923,0.2
"169","169","1","Yunshu902",10,1,80,90,95,100,100,100,100,4430,0.851923076923077,7.4
"170","170","1","CIP393079.24",10,0,0,1,1,1,1,2,25,129.5,0.0249038461538462,0.2
"171","171","1","CIP392285.72",10,0,1,5,5,5,5,10,30,323.5,0.0622115384615385,0.5
"172","172","1","CIP397078.12",10,2,90,95,97,100,100,100,100,4569,0.878653846153846,7.7
"173","173","1","CIP389468.3",10,1,70,75,85,95,100,100,100,4135,0.795192307692308,7
"174","174","1","CIP398190.523",10,1,20,20,40,40,40,50,70,1750,0.336538461538462,2.9
"175","175","1","CIP395109.34",10,0,0,0,1,1,3,15,60,350,0.0673076923076923,0.6
"176","176","1","CIP396240.2",10,0,45,50,55,55,60,65,75,2640,0.507692307692308,4.4
"177","177","1","CIP392781.1",10,0,0,1,1,1,5,15,50,336,0.0646153846153846,0.6
"178","178","1","CIP398190.530",10,1,1,1,1,1,3,3,15,129,0.0248076923076923,0.2
"179","179","1","CIP390478.9",10,30,90,90,97,100,100,100,100,4674,0.898846153846154,7.9
"180","180","1","CIP301026.23",10,2,65,65,70,75,85,100,100,3677.5,0.707211538461539,6.2
"181","181","1","CIP391533.1",10,0,5,8,35,70,88,100,100,2499.5,0.480673076923077,4.2
"182","182","1","CIP377744.1",10,1,20,30,30,60,60,60,70,2100,0.403846153846154,3.5
"183","183","1","CIP393280.57",10,0,0,0,1,5,15,30,60,567,0.109038461538462,1
"184","184","1","CIP395112.36",10,0,1,5,10,20,65,90,100,1688.5,0.324711538461538,2.8
"185","185","1","CIP388972.22",10,15,90,100,100,100,100,100,100,4690,0.901923076923077,7.9
"186","186","1","CIP393075.54",10,2,40,45,50,60,65,75,95,2747.5,0.528365384615385,4.6
"187","187","1","CIP304347.6",10,2,40,40,40,40,50,85,100,2485,0.477884615384615,4.2
"188","188","1","CIP395077.12",10,0,0,0,3,5,30,70,95,1088.5,0.209326923076923,1.8
"189","189","1","CIP397099.6",10,2,90,90,90,95,100,100,100,4450,0.855769230769231,7.5
"190","190","1","CIP396244.12",10,0,0,5,10,10,20,30,55,717.5,0.137980769230769,1.2
"191","191","1","CIP302428.20",10,2,98,100,100,100,100,100,100,4693,0.9025,7.9
"192","192","1","CIP304350.100",10,8,98,100,100,100,100,100,100,4723,0.908269230769231,7.9
"193","193","1","CIP393371.164",10,0,1,1,1,1,1,1,10,78.5,0.0150961538461538,0.1
"194","194","1","CIP391180.6",10,2,80,85,90,100,100,100,100,4365,0.839423076923077,7.3
"195","195","1","CIP395017.227",10,1,75,85,90,90,90,100,100,4177.5,0.803365384615385,7
"196","196","1","CIP391919.3",10,0,0,1,1,1,1,1,5,52.5,0.0100961538461538,0.1
"197","197","1","CIP398098.119",10,0,0,0,0,0,1,3,15,80.5,0.0154807692307692,0.1
"198","198","1","CIP301029.18",10,0,0,0,0,0,0,1,5,24.5,0.00471153846153846,0
"199","199","1","CIP396031.119",10,0,30,20,35,35,65,80,95,2232.5,0.429326923076923,3.8
"200","200","1","CIP396027.205",10,1,20,20,20,20,20,30,60,1155,0.222115384615385,1.9
"201","201","1","CIP388615.22",10,8,90,95,100,100,100,100,100,4620,0.888461538461538,7.8
"202","202","1","CIP395432.51",10,8,90,95,95,95,100,100,100,4550,0.875,7.7
"203","203","1","CIP304406.31",10,0,0,1,1,3,20,60,75,857.5,0.164903846153846,1.4
"204","204","1","CIP396033.102",10,0,1,1,1,1,10,15,40,344.5,0.06625,0.6
"205","205","1","CIP395186.6",10,2,80,90,95,100,100,100,100,4435,0.852884615384615,7.5
"206","206","1","CIP396034.103",10,1,5,5,5,5,15,20,60,607.5,0.116826923076923,1
"207","207","1","CIP300056.33",10,1,20,35,55,60,70,92,100,2709,0.520961538461538,4.6
"208","208","1","CIP396012.266",10,0,1,1,2,2,5,20,45,376,0.0723076923076923,0.6
"209","209","1","CIP399001.44",10,0,3,5,15,20,30,30,35,848,0.163076923076923,1.4
"210","210","1","CIP398180.253",10,0,1,1,5,15,48,65,80,1226.5,0.235865384615385,2.1
"211","211","1","CIP397098.12",10,1,45,60,70,83,85,98,100,3509.5,0.674903846153846,5.9
"212","212","1","CIP395197.5",10,1,60,70,75,90,98,100,100,3896,0.749230769230769,6.6
"213","213","1","CIP381379.12",10,0,3,5,15,55,80,90,95,2073,0.398653846153846,3.5
"214","214","1","CIP396009.240",10,0,1,1,2,55,70,80,85,1762,0.338846153846154,3
"215","215","1","CIP397196.8",10,0,65,80,95,100,100,100,100,4227.5,0.812980769230769,7.1
"216","216","1","CIP397073.15",10,0,70,80,95,100,100,100,100,4270,0.821153846153846,7.2
"217","217","1","CIP397016.7",10,1,90,98,100,100,100,100,100,4606,0.885769230769231,7.7
"218","218","1","CIP395193.6",10,1,50,75,80,85,95,100,100,3825,0.735576923076923,6.4
"219","219","1","CIP301041.26",10,0,20,20,50,50,55,90,100,2375,0.456730769230769,4
"220","220","1","CIP301040.63",10,1,25,25,30,30,35,45,60,1582.5,0.304326923076923,2.7
"221","221","1","CIP399075.7",10,0,1,2,2,2,2,2,5,96,0.0184615384615385,0.2
"222","222","1","CIP398193.553",10,2,40,40,55,60,70,88,100,2891,0.555961538461539,4.9
"223","223","1","CIP399067.14",10,2,20,20,20,2,2,2,2,509,0.0978846153846154,0.9
"224","224","1","CIP398192.41",10,2,30,40,45,65,90,100,100,2995,0.575961538461538,5
"225","225","1","CIP395438.1",10,1,60,60,65,75,85,100,100,3560,0.684615384615385,6
"226","226","1","CIP393077.54",10,1,5,2,0,0,3,3,20,173.5,0.0333653846153846,0.3
"227","227","1","CIP394034.7",10,0,10,10,10,100,100,100,100,2675,0.514423076923077,4.5
"228","228","1","CIP392633.64",10,2,80,85,90,95,100,100,100,4330,0.832692307692308,7.3
"229","229","1","CIP304405.47",10,1,40,40,40,40,50,80,100,2445,0.470192307692308,4.1
"230","230","1","CIP392639.34",10,1,30,30,40,40,45,55,90,2045,0.393269230769231,3.4
"231","231","1","CIP301023.15",10,0,1,1,3,25,70,88,95,1650,0.317307692307692,2.8
"232","232","1","CIP800923",10,5,100,98,98,100,100,100,100,4697,0.903269230769231,7.9
"233","233","1","CIP396008.104",10,0,30,40,45,55,70,80,100,2635,0.506730769230769,4.4
"234","234","1","CIP397197.9",10,2,85,90,95,100,100,100,100,4477.5,0.861057692307692,7.5
"235","235","1","CIP397100.9",10,0,50,90,97,100,100,100,100,4184,0.804615384615385,7
"236","236","1","CIP392973.48",10,1,40,90,95,100,100,100,100,4090,0.786538461538462,6.9
"237","237","1","CIP398098.205",10,0,0,0,1,5,20,38,50,623,0.119807692307692,1
"238","238","1","CIP396026.103",10,0,10,10,10,30,70,80,90,1800,0.346153846153846,3
"239","239","1","CIP388611.22",10,0,5,20,55,65,85,95,98,2625.5,0.504903846153846,4.4
"240","240","1","CIP396272.18",10,1,10,10,25,55,80,95,98,2288,0.44,3.8
"241","241","1","CIP397039.53",10,1,80,80,85,95,100,100,100,4255,0.818269230769231,7.2
"242","242","1","CIP300063.9",10,1,70,80,80,90,100,100,100,4100,0.788461538461538,6.9
"243","243","1","CIP398208.704",10,0,0,3,3,5,40,70,75,1109.5,0.213365384615385,1.9
"244","244","1","CIP396031.108",10,1,1,0,3,5,30,35,70,769.5,0.147980769230769,1.3
"245","245","1","CIP304387.92",10,20,98,100,100,100,100,100,100,4783,0.919807692307692,8
"246","246","1","CIP397036.7",10,1,80,85,90,98,100,100,100,4346,0.835769230769231,7.3
"247","247","1","CIP800959",10,1,60,90,97,100,100,100,100,4274,0.821923076923077,7.2
"248","248","1","CIP303381.106",10,1,30,60,65,70,100,100,100,3375,0.649038461538462,5.7
"249","249","1","CIP397069.5",10,0,40,40,45,45,50,70,95,2422.5,0.465865384615385,4.1
"250","250","1","CIP388676.1",10,1,50,70,90,100,100,100,100,4000,0.769230769230769,6.7
"251","251","1","CIP396043.226",10,0,0,2,2,2,2,2,20,140,0.0269230769230769,0.2
"252","252","1","CIP397196.3",10,0,5,1,1,1,5,20,55,431,0.0828846153846154,0.7
"253","253","1","CIP399073.23",10,0,0,0,1,1,1,3,15,94.5,0.0181730769230769,0.2
"254","254","1","CIP398180.289",10,0,0,0,0,0,8,30,60,476,0.0915384615384615,0.8
"255","255","1","CIP393339.242",10,0,0,0,0,0,1,1,30,119,0.0228846153846154,0.2
"256","256","1","CIP398208.670",10,0,0,0,2,2,5,10,45,290.5,0.0558653846153846,0.5
"257","257","1","CIP398208.29",10,1,40,40,40,40,45,70,85,2287.5,0.439903846153846,3.8
"258","258","1","CIP304383.80",10,8,98,100,100,100,100,100,100,4723,0.908269230769231,7.9
"259","259","1","CIP396241.4",10,2,35,40,60,62,70,100,100,2981.5,0.573365384615385,5
"260","260","1","CIP392797.22",10,1,35,35,40,50,85,98,100,2808.5,0.540096153846154,4.7
"261","261","1","CIP381403.16",10,0,25,25,25,30,80,95,98,2340.5,0.450096153846154,3.9
"262","262","1","CIP398190.735",10,1,0,10,15,20,45,45,70,1195,0.229807692307692,2
"263","263","1","CIP398190.571",10,0,0,5,10,30,50,80,95,1557.5,0.299519230769231,2.6
"264","264","1","CIP397044.25",10,1,85,90,99,100,100,100,100,4500.5,0.865480769230769,7.6
"265","265","1","CIP398203.509",10,0,1,8,30,65,85,100,100,2374.5,0.456634615384615,4
"266","266","1","CIP304371.58",10,1,75,90,95,100,100,100,100,4387.5,0.84375,7.4
"267","267","1","Yunshu103",10,0,1,2,5,70,75,90,95,2035,0.391346153846154,3.4
"268","268","1","CIP393617.1",10,0,2,2,5,45,70,85,95,1798.5,0.345865384615385,3
"269","269","1","CIP396026.101",10,0,1,1,3,10,40,40,60,876.5,0.168557692307692,1.5
"270","270","1","CIP300063.4",10,1,40,45,45,85,90,100,100,3250,0.625,5.5
"271","271","1","CIP304383.41",10,3,90,95,99,100,100,100,100,4588,0.882307692307692,7.7
"272","272","1","CIP395195.7",10,1,10,10,10,20,50,80,100,1630,0.313461538461538,2.7
"273","273","1","CIP393371.159",10,0,5,10,25,28,40,45,70,1323.5,0.254519230769231,2.2
"274","274","1","CIP399004.19",10,0,1,2,2,2,3,5,35,229,0.0440384615384615,0.4
"275","275","1","CIP398014.2",10,2,3,5,15,35,60,90,100,1820.5,0.350096153846154,3.1
"276","276","1","CIP300099.22",10,0,0,1,10,15,35,50,70,1022,0.196538461538462,1.7
"277","277","1","CIP396269.14",10,1,20,20,25,30,35,60,85,1662.5,0.319711538461538,2.8
"278","278","1","CIP394034.65",10,0,15,15,20,20,30,60,85,1440,0.276923076923077,2.4
"279","279","1","CIP393371.58",10,0,1,0,2,2,3,5,40,232.5,0.0447115384615385,0.4
"280","280","1","CIP381178.14",10,0,20,25,45,55,60,65,85,2217.5,0.426442307692308,3.7
"281","281","1","CIP397035.26",10,1,70,75,75,80,95,100,100,3925,0.754807692307692,6.6
"282","282","1","CIP398192.213",10,0,5,10,20,22,35,55,80,1316.5,0.253173076923077,2.2
"283","283","1","CIP391046.14",10,1,45,60,70,85,95,100,100,3607.5,0.69375,6.1
"284","284","1","CIP304399.5",10,1,70,75,90,100,100,100,100,4205,0.808653846153846,7.1
"285","285","1","CIP397060.19",10,1,45,80,90,95,100,100,100,3992.5,0.767788461538462,6.7
"286","286","1","CIP395434.1",10,1,20,20,30,30,40,60,80,1715,0.329807692307692,2.9
"287","287","1","CIP396268.1",10,1,45,50,55,60,70,78,90,2893.5,0.556442307692308,4.9
"288","288","1","CIP398190.112",10,1,8,8,8,10,20,20,50,710,0.136538461538462,1.2
"289","289","1","CIP394881.8",10,2,90,100,100,100,100,100,100,4625,0.889423076923077,7.8
"290","290","1","CIP391585.5",10,0,1,10,10,20,60,75,90,1548.5,0.297788461538462,2.6
"291","291","1","CIP304351.109",10,1,8,30,55,78,90,100,100,2894,0.556538461538462,4.9
"292","292","1","CIP396240.23",10,0,1,1,0,0,30,35,55,663,0.1275,1.1
"293","293","1","CIP304387.17",10,1,90,95,97,100,100,100,100,4564,0.877692307692308,7.7
"294","294","1","CIP392032.2",10,0,70,80,95,97,100,100,100,4249,0.817115384615385,7.1
"295","295","1","CIP392759.1",10,0,30,60,65,75,90,100,100,3335,0.641346153846154,5.6
"296","296","1","CIP393228.67",10,0,1,5,5,5,20,35,60,708.5,0.13625,1.2
"297","297","1","CIP394614.117",10,1,20,25,30,30,45,50,85,1732.5,0.333173076923077,2.9
"298","298","1","CIP396272.37",10,0,0,0,0,1,5,8,30,203,0.0390384615384615,0.3
"299","299","1","CIP396038.105",10,0,5,3,2,2,5,8,40,322.5,0.0620192307692308,0.5
"300","300","1","CIP304350.18",10,0,60,70,70,70,70,70,80,3240,0.623076923076923,5.4
"301","301","1","CIP393073.179",10,0,20,20,20,3,3,3,20,583,0.112115384615385,1
"302","302","1","CIP303381.30",10,0,0,0,0,3,10,20,65,458.5,0.0881730769230769,0.8
"303","303","1","CIP393084.31",10,0,1,1,1,5,20,45,65,740,0.142307692307692,1.2
"304","304","1","CIP396038.107",10,0,8,10,25,40,60,65,75,1730.5,0.332788461538462,2.9
"305","305","1","CIP392657.171",10,0,0,0,0,1,5,10,20,182,0.035,0.3
"306","306","1","CIP398190.615",10,0,0,0,2,2,5,10,25,220.5,0.0424038461538462,0.4
"307","307","2","CIP398190.530",10,0,1,2,2,10,35,60,70,1016.5,0.195480769230769,1.8
"308","308","2","CIP396043.226",10,0,1,0,0,5,60,80,90,1338.5,0.257403846153846,2.4
"309","309","2","CIP393073.179",10,0,1,1,10,60,60,65,90,1695.5,0.326057692307692,3
"310","310","2","CIP394904.20",10,0,0,0,2,5,15,20,50,469,0.0901923076923077,0.8
"311","311","2","CIP800923",10,1,60,100,100,100,100,100,100,4365,0.839423076923077,7.8
"312","312","2","CIP396009.240",10,0,0,0,0,5,15,20,45,437.5,0.0841346153846154,0.8
"313","313","2","CIP398208.219",10,1,30,40,55,70,92,99,100,3102,0.596538461538462,5.5
"314","314","2","CIP393385.39",10,0,0,0,0,1,25,45,65,724.5,0.139326923076923,1.3
"315","315","2","CIP395195.7",10,0,15,10,20,55,80,98,100,2318.5,0.445865384615385,4.1
"316","316","2","CIP391919.3",10,0,0,0,0,1,5,10,30,217,0.0417307692307692,0.4
"317","317","2","CIP396272.21",10,0,30,45,55,90,93,100,100,3286,0.631923076923077,5.9
"318","318","2","CIP397079.6",10,0,60,80,90,97,100,100,100,4129,0.794038461538462,7.4
"319","319","2","CIP399004.19",10,1,15,20,25,45,80,80,85,2180,0.419230769230769,3.9
"320","320","2","CIP394223.19",10,1,20,20,25,60,90,100,100,2590,0.498076923076923,4.6
"321","321","2","CIP392637.10",10,0,5,5,20,30,87,90,90,1981.5,0.381057692307692,3.5
"322","322","2","CIP393079.24",10,0,0,0,0,1,5,5,10,112,0.0215384615384615,0.2
"323","323","2","CIP392822.3",10,2,90,100,100,100,100,100,100,4625,0.889423076923077,8.3
"324","324","2","CIP396063.16",10,1,15,15,15,25,80,80,90,1952.5,0.375480769230769,3.5
"325","325","2","CIP385499.11",10,1,50,90,99,100,100,100,100,4203,0.808269230769231,7.5
"326","326","2","CIP304387.92",10,1,100,100,100,100,100,100,100,4705,0.904807692307692,8.4
"327","327","2","CIP397100.9",10,1,90,100,100,100,100,100,100,4620,0.888461538461538,8.3
"328","328","2","CIP397073.15",10,1,40,85,95,100,100,100,100,4055,0.779807692307692,7.2
"329","329","2","CIP397030.31",10,1,15,20,20,45,55,85,95,2040,0.392307692307692,3.6
"330","330","2","CIP396034.268",10,1,15,60,65,75,85,93,95,3111,0.598269230769231,5.6
"331","331","2","CIP393613.2",10,1,30,60,70,97,100,100,100,3599,0.692115384615385,6.4
"332","332","2","CIP396241.4",10,0,10,20,40,85,95,100,100,2815,0.541346153846154,5
"333","333","2","CIP397006.18",10,1,30,60,65,70,80,90,90,3130,0.601923076923077,5.6
"334","334","2","CIP398098.119",10,0,0,10,10,10,20,60,55,962.5,0.185096153846154,1.7
"335","335","2","CIP395112.36",10,0,0,8,10,20,55,92,95,1627.5,0.312980769230769,2.9
"336","336","2","CIP302498.70",10,1,50,95,95,100,100,100,100,4210,0.809615384615385,7.5
"337","337","2","CIP392634.49",10,0,0,0,0,2,15,15,20,294,0.0565384615384615,0.5
"338","338","2","CIP393227.66",10,0,0,0,0,0,5,5,10,105,0.0201923076923077,0.2
"339","339","2","CIP398192.213",10,1,5,20,25,45,60,65,85,1850,0.355769230769231,3.3
"340","340","2","CIP398190.605",10,1,20,20,20,25,50,50,80,1610,0.309615384615385,2.9
"341","341","2","CIP379706.27",10,1,40,80,80,98,100,100,100,3901,0.750192307692308,7
"342","342","2","CIP392657.171",10,0,0,0,1,3,5,5,15,150.5,0.0289423076923077,0.3
"343","343","2","CIP395112.32",10,0,5,5,5,20,65,80,95,1600,0.307692307692308,2.9
"344","344","2","CIP390637.1",10,0,30,70,80,90,100,100,100,3685,0.708653846153846,6.6
"345","345","2","CIP300093.14",10,35,100,100,100,100,100,100,100,4875,0.9375,8.7
"346","346","2","CIP393073.197",10,2,10,10,15,40,55,85,90,1845,0.354807692307692,3.3
"347","347","2","CIP300135.3",10,0,70,95,100,100,100,100,100,4410,0.848076923076923,7.9
"348","348","2","CIP397036.7",10,3,80,90,95,100,100,100,100,4440,0.853846153846154,7.9
"349","349","2","CIP395096.2",10,0,0,0,0,0,0,0,0,0,0,0
"350","350","2","CIP377744.1",10,1,10,10,15,15,15,15,20,650,0.125,1.2
"351","351","2","CIP396268.1",10,1,15,50,60,70,85,90,95,2950,0.567307692307692,5.3
"352","352","2","CIP301029.18",10,0,0,0,0,0,3,3,5,59.5,0.0114423076923077,0.1
"353","353","2","CIP399085.30",10,1,0,2,2,3,5,7,10,173,0.0332692307692308,0.3
"354","354","2","CIP396004.225",10,1,5,10,10,40,75,85,90,1902.5,0.365865384615385,3.4
"355","355","2","CIP397016.7",10,2,80,95,100,100,100,100,100,4505,0.866346153846154,8
"356","356","2","CIP394613.139",10,1,20,60,60,70,90,100,100,3185,0.6125,5.7
"357","357","2","CIP396008.104",10,0,2,45,50,60,90,98,92,2740,0.526923076923077,4.9
"358","358","2","CIP392285.72",10,0,0,3,3,15,87,92,92,1722,0.331153846153846,3.1
"359","359","2","CIP300056.33",10,0,15,50,80,90,100,100,100,3417.5,0.657211538461538,6.1
"360","360","2","CIP397079.26",10,0,10,10,20,60,75,95,100,2255,0.433653846153846,4
"361","361","2","CIP397196.3",10,0,1,0,1,10,55,90,97,1440,0.276923076923077,2.6
"362","362","2","CIP398098.205",10,0,0,0,1,5,30,60,65,899.5,0.172980769230769,1.6
"363","363","2","CIP392657.8",10,0,0,1,5,25,60,80,92,1519,0.292115384615385,2.7
"364","364","2","CIP392617.54",10,0,0,0,0,5,45,65,90,1120,0.215384615384615,2
"365","365","2","CIP392025.7",10,0,5,15,45,85,95,100,100,2772.5,0.533173076923077,5
"366","366","2","CIP396180.22",10,1,10,10,25,40,55,80,80,1840,0.353846153846154,3.3
"367","367","2","CIP393084.31",10,2,5,8,20,35,45,55,60,1403.5,0.269903846153846,2.5
"368","368","2","CIP397012.22",10,3,30,35,55,90,100,100,100,3280,0.630769230769231,5.9
"369","369","2","CIP399053.11",10,1,1,1,1,2,10,10,30,286.5,0.0550961538461538,0.5
"370","370","2","CIP398208.33",10,2,30,50,55,70,93,100,100,3191,0.613653846153846,5.7
"371","371","2","CIP397035.26",10,2,60,80,85,90,100,100,100,4055,0.779807692307692,7.2
"372","372","2","CIP304383.41",10,10,70,100,100,100,100,100,100,4495,0.864423076923077,8
"373","373","2","CIP391011.17",10,0,0,0,0,2,5,5,10,119,0.0228846153846154,0.2
"374","374","2","CIP300065.4",10,1,20,45,55,70,95,100,100,3080,0.592307692307692,5.5
"375","375","2","CIP396023.109",10,0,0,0,0,0,10,10,45,297.5,0.0572115384615385,0.5
"376","376","2","CIP398208.505",10,0,0,1,1,5,65,90,95,1466.5,0.282019230769231,2.6
"377","377","2","CIP304350.95",10,0,0,0,0,0,0,0,0,0,0,0
"378","378","2","CIP394899.5",10,0,0,1,2,5,60,65,90,1246,0.239615384615385,2.2
"379","379","2","CIP393280.82",10,0,0,0,0,10,40,60,80,1050,0.201923076923077,1.9
"380","380","2","CIP396063.1",10,0,0,1,1,10,55,65,90,1239,0.238269230769231,2.2
"381","381","2","CIP392759.1",10,10,40,70,75,90,90,100,100,3715,0.714423076923077,6.6
"382","382","2","CIP396026.101",10,0,0,10,15,25,45,55,85,1347.5,0.259134615384615,2.4
"383","383","2","CIP396046.105",10,1,10,20,25,50,80,90,95,2277.5,0.437980769230769,4.1
"384","384","2","CIP397055.2",10,5,60,90,95,100,100,100,100,4280,0.823076923076923,7.6
"385","385","2","CIP396027.205",10,0,70,70,70,90,100,100,100,3955,0.760576923076923,7.1
"386","386","2","CIP391724.1",10,2,80,85,85,85,90,90,100,4085,0.785576923076923,7.3
"387","387","2","CIP304399.5",10,1,30,60,70,95,100,100,100,3585,0.689423076923077,6.4
"388","388","2","CIP391533.1",10,0,30,50,65,90,95,95,97,3359.5,0.646057692307692,6
"389","389","2","CIP396038.101",10,1,20,45,55,90,95,100,100,3220,0.619230769230769,5.8
"390","390","2","CIP396272.18",10,1,10,40,50,85,95,100,100,3030,0.582692307692308,5.4
"391","391","2","CIP398193.553",10,1,5,30,35,85,95,99,95,2788,0.536153846153846,5
"392","392","2","CIP395017.229",10,0,0,0,0,1,20,30,75,619.5,0.119134615384615,1.1
"393","393","2","CIP398190.404",10,0,0,0,0,1,30,50,90,882,0.169615384615385,1.6
"394","394","2","CIP393248.55",10,0,0,1,1,10,65,80,80,1379,0.265192307692308,2.5
"395","395","2","CIP395077.12",10,0,0,0,0,1,15,20,65,479.5,0.0922115384615385,0.9
"396","396","2","CIP395111.13",10,0,0,0,0,0,5,5,35,192.5,0.0370192307692308,0.3
"397","397","2","CIP396269.14",10,1,20,35,45,60,75,85,90,2590,0.498076923076923,4.6
"398","398","2","CIP392633.64",10,5,35,70,75,95,100,100,100,3752.5,0.721634615384615,6.7
"399","399","2","CIP393228.67",10,0,0,0,2,10,20,25,55,591.5,0.11375,1.1
"400","400","2","CIP391580.30",10,1,15,25,25,55,85,90,95,2425,0.466346153846154,4.3
"401","401","2","CIP301056.54",10,0,5,20,20,50,80,90,92,2184.5,0.420096153846154,3.9
"402","402","2","CIP301037.85",10,0,10,15,15,40,50,60,70,1590,0.305769230769231,2.8
"403","403","2","CIP304371.58",10,1,20,50,70,90,100,100,100,3395,0.652884615384615,6.1
"404","404","2","CIP399075.7",10,0,0,0,0,3,15,15,30,336,0.0646153846153846,0.6
"405","405","2","CIP399072.28",10,0,0,5,5,10,15,15,20,420,0.0807692307692308,0.8
"406","406","2","CIP398098.203",10,0,0,0,0,1,3,5,45,220.5,0.0424038461538462,0.4
"407","407","2","CIP393349.68",10,0,0,0,0,3,15,40,75,668.5,0.128557692307692,1.2
"408","408","2","CIP393339.242",10,0,0,0,0,3,25,50,75,808.5,0.155480769230769,1.4
"409","409","2","CIP395109.34",10,0,0,5,10,35,50,80,85,1557.5,0.299519230769231,2.8
"410","410","2","CIP395432.51",10,1,20,60,70,87,95,100,100,3409,0.655576923076923,6.1
"411","411","2","CIP395196.4",10,5,10,20,20,55,90,95,99,2416.5,0.464711538461538,4.3
"412","412","2","CIP396272.37",10,0,0,1,2,10,30,35,45,703.5,0.135288461538462,1.3
"413","413","2","CIP399001.44",10,1,0,0,1,10,15,35,45,589.5,0.113365384615385,1.1
"414","414","2","CIP398208.58",10,1,15,50,60,85,98,100,100,3233.5,0.621826923076923,5.8
"415","415","2","CIP399083.4",10,0,5,20,20,60,75,85,98,2205.5,0.424134615384615,3.9
"416","416","2","CIP391065.81",10,0,0,5,5,15,55,80,87,1424.5,0.273942307692308,2.5
"417","417","2","CIP398190.571",10,0,0,0,0,5,45,65,85,1102.5,0.212019230769231,2
"418","418","2","CIP398192.41",10,0,5,45,50,70,95,100,100,2912.5,0.560096153846154,5.2
"419","419","2","CIP300072.1",10,0,0,0,0,0,0,0,0,0,0,0
"420","420","2","CIP397067.2",10,10,100,100,100,100,100,100,100,4750,0.913461538461538,8.5
"421","421","2","CIP395015.6",10,0,0,1,2,5,55,80,100,1351,0.259807692307692,2.4
"422","422","2","CIP398098.65",10,0,5,30,35,65,80,80,90,2387.5,0.459134615384615,4.3
"423","423","2","CIP388676.1",10,0,30,70,70,90,100,100,100,3615,0.695192307692308,6.5
"424","424","2","CIP394881.8",10,30,95,100,100,100,100,100,100,4807.5,0.924519230769231,8.6
"425","425","2","CIP391382.18",10,5,25,65,70,90,100,100,100,3562.5,0.685096153846154,6.4
"426","426","2","CIP304347.6",10,0,5,0,1,2,5,10,45,326,0.0626923076923077,0.6
"427","427","2","CIP304351.31",10,1,5,15,20,60,90,100,100,2392.5,0.460096153846154,4.3
"428","428","2","CIP304394.56",10,2,95,100,100,100,100,100,100,4667.5,0.897596153846154,8.3
"429","429","2","CIP391065.69",10,0,0,0,0,2,40,70,85,1081.5,0.207980769230769,1.9
"430","430","2","CIP396026.103",10,0,1,5,5,5,5,5,7,208,0.04,0.4
"431","431","2","CIP393085.5",10,0,0,0,0,0,3,5,7,80.5,0.0154807692307692,0.1
"432","432","2","CIP396031.119",10,0,5,5,5,15,60,90,95,1600,0.307692307692308,2.9
"433","433","2","CIP304350.78",10,0,0,0,0,1,10,15,55,374.5,0.0720192307692308,0.7
"434","434","2","CIP395011.2",10,0,0,0,1,10,30,60,80,987,0.189807692307692,1.8
"435","435","2","CIP391583.25",10,0,0,0,0,1,30,50,65,794.5,0.152788461538462,1.4
"436","436","2","CIP396031.108",10,0,2,2,5,10,55,80,92,1403,0.269807692307692,2.5
"437","437","2","CIP398180.144",10,0,1,3,7,50,85,95,99,2035,0.391346153846154,3.6
"438","438","2","CIP396038.107",10,0,15,30,55,70,90,95,97,2847,0.5475,5.1
"439","439","2","CIP304383.80",10,1,80,100,100,100,100,100,100,4535,0.872115384615385,8.1
"440","440","2","CIP394034.65",10,0,30,30,30,40,80,99,100,2558,0.491923076923077,4.6
"441","441","2","CIP395193.6",10,1,15,55,70,95,100,100,100,3422.5,0.658173076923077,6.1
"442","442","2","CIP394900.1",10,0,55,60,85,97,100,100,100,3911.5,0.752211538461538,7
"443","443","2","CIP381379.12",10,0,0,0,3,10,60,85,93,1431.5,0.275288461538462,2.6
"444","444","2","CIP398190.112",10,1,0,0,0,15,45,75,88,1258,0.241923076923077,2.2
"445","445","2","CIP397044.25",10,1,50,90,100,100,100,100,100,4210,0.809615384615385,7.5
"446","446","2","CIP800959",10,0,70,95,97,100,100,100,100,4389,0.844038461538462,7.8
"447","447","2","CIP300054.29",10,1,60,95,99,100,100,100,100,4323,0.831346153846154,7.7
"448","448","2","CIP393284.39",10,0,0,2,2,5,15,25,50,518,0.0996153846153846,0.9
"449","449","2","CIP391930.1",10,0,10,25,55,70,95,100,100,2850,0.548076923076923,5.1
"450","450","2","CIP395109.29",10,0,0,0,2,5,50,55,75,1046.5,0.20125,1.9
"451","451","2","CIP395123.6",10,0,0,0,0,0,10,15,25,262.5,0.0504807692307692,0.5
"452","452","2","CIP389468.3",10,1,15,25,60,90,100,100,100,3107.5,0.597596153846154,5.6
"453","453","2","CIP393220.54",10,0,0,0,10,75,98,100,100,2331,0.448269230769231,4.2
"454","454","2","CIP304405.47",10,0,5,20,40,55,90,98,100,2513.5,0.483365384615385,4.5
"455","455","2","CIP392634.52",10,0,0,0,0,3,20,20,50,476,0.0915384615384615,0.9
"456","456","2","CIP304406.31",10,0,45,60,60,65,70,65,90,2937.5,0.564903846153846,5.2
"457","457","2","CIP393615.6",10,2,25,35,50,70,85,90,95,2865,0.550961538461539,5.1
"458","458","2","CIP303381.30",10,1,0,0,1,3,15,20,55,470.5,0.0904807692307692,0.8
"459","459","2","CIP399079.22",10,0,0,2,20,20,65,70,90,1554,0.298846153846154,2.8
"460","460","2","Yunshu103",10,0,0,3,5,65,90,90,97,2110.5,0.405865384615385,3.8
"461","461","2","CIP391585.5",10,0,1,0,2,15,65,75,90,1422.5,0.273557692307692,2.5
"462","462","2","CIP393371.159",10,0,0,2,2,10,45,50,87,1067.5,0.205288461538462,1.9
"463","463","2","CIP396244.12",10,1,0,2,1,5,45,50,80,1006,0.193461538461538,1.8
"464","464","2","CIP301024.95",10,0,0,1,1,10,55,75,90,1309,0.251730769230769,2.3
"465","465","2","CIP399078.11",10,5,1,0,5,10,40,80,90,1293.5,0.24875,2.3
"466","466","2","CIP304387.39",10,1,45,97,99,100,100,100,100,4209.5,0.809519230769231,7.5
"467","467","2","CIP398180.253",10,0,0,2,5,40,85,92,98,1911,0.3675,3.4
"468","468","2","CIP399049.22",10,1,1,5,5,5,10,15,20,363.5,0.0699038461538461,0.6
"469","469","2","CIP300048.12",10,0,40,90,100,100,100,100,100,4120,0.792307692307692,7.4
"470","470","2","CIP399049.16",10,0,1,1,1,1,15,15,45,397,0.0763461538461538,0.7
"471","471","2","CIP393280.57",10,0,0,0,0,3,45,55,80,1001,0.1925,1.8
"472","472","2","CIP393079.4",10,0,0,0,1,2,30,30,50,616,0.118461538461538,1.1
"473","473","2","CIP399067.22",10,0,0,1,2,3,30,40,45,689.5,0.132596153846154,1.2
"474","474","2","CIP304371.67",10,1,60,80,85,95,100,100,100,4085,0.785576923076923,7.3
"475","475","2","CIP300066.11",10,0,20,50,65,95,100,100,100,3390,0.651923076923077,6.1
"476","476","2","CIP394034.7",10,2,20,20,20,45,65,95,100,2245,0.431730769230769,4
"477","477","2","CIP392740.4",10,5,90,95,97,100,100,100,100,4584,0.881538461538461,8.2
"478","478","2","CIP393382.44",10,0,10,15,15,60,70,90,96,2171,0.4175,3.9
"479","479","2","CIP396240.2",10,0,0,0,0,5,30,65,75,962.5,0.185096153846154,1.7
"480","480","2","CIP304351.109",10,0,5,20,30,70,90,92,100,2506.5,0.482019230769231,4.5
"481","481","2","CIP398192.592",10,0,0,5,5,15,50,70,88,1323,0.254423076923077,2.4
"482","482","2","CIP391046.14",10,0,10,60,70,95,100,100,100,3410,0.655769230769231,6.1
"483","483","2","CIP391180.6",10,0,20,65,75,95,100,100,100,3565,0.685576923076923,6.4
"484","484","2","CIP398208.670",10,0,0,1,2,5,35,50,80,931,0.179038461538462,1.7
"485","485","2","CIP300063.9",10,0,15,25,35,70,95,100,100,2752.5,0.529326923076923,4.9
"486","486","2","CIP301040.63",10,0,5,3,10,20,70,90,96,1729.5,0.332596153846154,3.1
"487","487","2","CIP396018.241",10,0,1,1,5,5,85,90,92,1632.5,0.313942307692308,2.9
"488","488","2","CIP394895.7",10,0,1,10,10,30,80,90,96,1884.5,0.362403846153846,3.4
"489","489","2","CIP399049.14",10,0,1,5,5,5,5,10,15,271,0.0521153846153846,0.5
"490","490","2","CIP387164.4",10,0,0,0,1,2,15,15,20,301,0.0578846153846154,0.5
"491","491","2","CIP394906.6",10,1,0,1,1,10,15,20,60,544,0.104615384615385,1
"492","492","2","CIP395037.107",10,1,0,10,10,50,65,70,88,1748,0.336153846153846,3.1
"493","493","2","CIP397197.9",10,1,40,90,95,100,100,100,100,4090,0.786538461538462,7.3
"494","494","2","CIP381381.9",10,0,1,10,50,95,100,100,100,2843.5,0.546826923076923,5.1
"495","495","2","CIP392821.1",10,0,0,1,1,55,90,95,100,2044,0.393076923076923,3.7
"496","496","2","CIP392032.2",10,0,40,90,95,97,100,100,100,4064,0.781538461538462,7.3
"497","497","2","CIP393280.64",10,1,0,10,10,20,45,50,60,1160,0.223076923076923,2.1
"498","498","2","CIP398014.2",10,0,2,20,30,30,90,100,100,2257,0.434038461538462,4
"499","499","2","CIP300046.22",10,0,0,1,5,45,90,100,100,2037,0.391730769230769,3.6
"500","500","2","CIP395017.242",10,0,0,0,0,2,5,10,35,241.5,0.0464423076923077,0.4
"501","501","2","CIP304345.102",10,1,25,50,60,95,100,100,100,3402.5,0.654326923076923,6.1
"502","502","2","CIP301045.74",10,1,5,60,60,90,100,100,100,3267.5,0.628365384615385,5.8
"503","503","2","CIP397078.12",10,2,30,70,80,98,100,100,100,3751,0.721346153846154,6.7
"504","504","2","CIP399067.14",10,0,2,2,2,2,5,5,10,164,0.0315384615384615,0.3
"505","505","2","CIP394600.52",10,0,5,15,30,70,90,99,100,2520.5,0.484711538461538,4.5
"506","506","2","CIP302428.20",10,0,30,90,100,100,100,100,100,4035,0.775961538461538,7.2
"507","507","2","CIP395197.5",10,0,5,30,55,90,100,100,100,3017.5,0.580288461538462,5.4
"508","508","2","CIP398190.735",10,0,2,5,15,40,60,65,70,1557,0.299423076923077,2.8
"509","509","2","CIP394579.36",10,1,85,95,100,100,100,100,100,4542.5,0.873557692307692,8.1
"510","510","2","CIP398208.704",10,0,0,2,2,5,55,85,92,1365,0.2625,2.4
"511","511","2","CIP397065.2",10,0,30,70,75,95,100,100,100,3685,0.708653846153846,6.6
"512","512","2","CIP399075.32",10,0,0,1,2,5,5,10,35,283.5,0.0545192307692308,0.5
"513","513","2","CIP398193.650",10,0,1,10,10,15,20,25,65,796,0.153076923076923,1.4
"514","514","2","CIP392973.48",10,1,5,70,80,95,100,100,100,3512.5,0.675480769230769,6.3
"515","515","2","CIP398208.29",10,1,10,15,35,50,90,90,100,2400,0.461538461538462,4.3
"516","516","2","CIP304350.100",10,2,90,95,100,100,100,100,100,4590,0.882692307692308,8.2
"517","517","2","Cooperation88",10,0,2,30,50,55,70,85,95,2379.5,0.457596153846154,4.3
"518","518","2","CIP398190.615",10,1,0,5,5,15,25,45,65,897.5,0.172596153846154,1.6
"519","519","2","CIP392781.1",10,0,1,1,2,5,20,55,70,834.5,0.160480769230769,1.5
"520","520","2","CIP300101.11",10,0,20,65,85,95,100,100,100,3635,0.699038461538461,6.5
"521","521","2","CIP398192.553",10,0,0,2,5,15,30,45,70,924,0.177692307692308,1.7
"522","522","2","CIP394898.13",10,1,0,1,2,2,30,40,55,722.5,0.138942307692308,1.3
"523","523","2","CIP391585.179",10,0,0,5,5,10,70,70,91,1438.5,0.276634615384615,2.6
"524","524","2","CIP303381.106",10,1,1,1,50,95,100,100,100,2785.5,0.535673076923077,5
"525","525","2","Yunshu902",10,0,20,50,70,95,100,100,100,3425,0.658653846153846,6.1
"526","526","2","CIP397196.8",10,5,35,70,97,100,100,100,100,3941.5,0.757980769230769,7
"527","527","2","CIP396269.16",10,0,5,8,8,15,60,70,90,1484.5,0.285480769230769,2.7
"528","528","2","CIP302499.30",10,1,60,90,100,100,100,100,100,4295,0.825961538461538,7.7
"529","529","2","CIP395434.1",10,0,10,20,40,65,85,87,95,2496.5,0.480096153846154,4.5
"530","530","2","CIP393083.2",10,0,0,0,1,5,25,30,55,619.5,0.119134615384615,1.1
"531","531","2","CIP394614.117",10,0,2,2,2,2,5,5,30,234,0.045,0.4
"532","532","2","CIP694474.33",10,0,2,30,40,65,85,97,100,2586,0.497307692307692,4.6
"533","533","2","CIP397098.12",10,2,5,20,35,70,95,100,100,2642.5,0.508173076923077,4.7
"534","534","2","CIP399085.23",10,0,0,5,5,5,5,5,15,227.5,0.04375,0.4
"535","535","2","CIP395112.19",10,0,0,2,3,5,10,10,25,297.5,0.0572115384615385,0.5
"536","536","2","CIP302476.108",10,1,45,85,90,100,100,100,100,4062.5,0.78125,7.3
"537","537","2","CIP388972.22",10,2,60,80,90,100,100,100,100,4160,0.8,7.4
"538","538","2","CIP399073.23",10,1,0,0,1,1,5,5,10,124,0.0238461538461538,0.2
"539","539","2","CIP393371.164",10,0,0,0,0,0,5,5,25,157.5,0.0302884615384615,0.3
"540","540","2","CIP301023.15",10,0,0,1,20,80,95,100,100,2422,0.465769230769231,4.3
"541","541","2","CIP398180.612",10,0,0,1,3,15,25,30,70,763,0.146730769230769,1.4
"542","542","2","CIP395017.14",10,15,0,5,5,70,85,85,90,2140,0.411538461538462,3.8
"543","543","2","CIP393617.1",10,0,0,8,15,75,90,100,100,2366,0.455,4.2
"544","544","2","CIP389746.2",10,0,2,30,40,80,90,100,100,2747,0.528269230769231,4.9
"545","545","2","CIP396034.103",10,2,2,30,40,75,90,95,100,2687,0.516730769230769,4.8
"546","546","2","CIP392797.22",10,2,5,65,85,95,100,100,100,3517.5,0.676442307692308,6.3
"547","547","2","CIP395436.8",10,0,5,55,65,90,100,100,100,3262.5,0.627403846153846,5.8
"548","548","2","CIP301024.14",10,0,0,1,1,10,55,60,80,1169,0.224807692307692,2.1
"549","549","2","CIP393371.58",10,0,0,1,1,1,50,55,85,1053.5,0.202596153846154,1.9
"550","550","2","CIP398208.620",10,0,0,1,1,1,75,85,91,1459.5,0.280673076923077,2.6
"551","551","2","CIP388611.22",10,0,1,5,20,75,95,100,100,2423.5,0.466057692307692,4.3
"552","552","2","CIP393077.54",10,0,0,1,2,40,45,50,80,1246,0.239615384615385,2.2
"553","553","2","CIP395448.1",10,1,5,7,10,15,20,60,70,1076.5,0.207019230769231,1.9
"554","554","2","CIP397029.21",10,0,15,50,60,90,97,100,100,3256.5,0.62625,5.8
"555","555","2","CIP384321.3",10,0,0,0,0,1,5,10,15,164.5,0.0316346153846154,0.3
"556","556","2","CIP388615.22",10,2,75,95,100,100,100,100,100,4462.5,0.858173076923077,8
"557","557","2","CIP396240.23",10,0,0,0,0,0,2,15,40,259,0.0498076923076923,0.5
"558","558","2","CIP399053.15",10,0,2,2,2,2,5,25,35,391.5,0.0752884615384615,0.7
"559","559","2","CIP301026.23",10,1,5,15,30,65,95,100,100,2532.5,0.487019230769231,4.5
"560","560","2","CIP391931.1",10,2,60,75,80,90,100,100,100,3985,0.766346153846154,7.1
"561","561","2","CIP300055.32",10,0,0,0,1,60,90,99,100,2100,0.403846153846154,3.8
"562","562","2","CIP391207.2",10,1,50,85,90,100,100,100,100,4105,0.789423076923077,7.3
"563","563","2","CIP393371.157",10,0,2,10,25,65,80,90,100,2257,0.434038461538462,4
"564","564","2","CIP397039.51",10,0,0,0,0,0,0,0,0,0,0,0
"565","565","2","CIP395186.6",10,1,50,95,95,99,100,100,100,4203,0.808269230769231,7.5
"566","566","2","CIP392639.34",10,1,15,65,65,90,100,100,100,3422.5,0.658173076923077,6.1
"567","567","2","CIP393075.54",10,1,0,0,3,50,85,85,100,1916,0.368461538461538,3.4
"568","568","2","CIP398203.509",10,0,0,1,3,60,70,85,98,1876,0.360769230769231,3.4
"569","569","2","CIP398193.158",10,0,0,3,10,45,60,82,90,1715,0.329807692307692,3.1
"570","570","2","CIP304350.18",10,5,60,95,100,100,100,100,100,4350,0.836538461538462,7.8
"571","571","2","CIP374080.5",10,0,5,8,15,45,50,60,75,1551,0.298269230769231,2.8
"572","572","2","CIP397060.19",10,1,20,65,85,95,100,100,100,3640,0.7,6.5
"573","573","2","CIP394613.32",10,1,40,65,90,100,100,100,100,3880,0.746153846153846,6.9
"574","574","2","CIP396033.102",10,0,5,15,40,80,95,100,100,2702.5,0.519711538461539,4.8
"575","575","2","CIP393385.47",10,0,0,2,5,40,90,100,100,2009,0.386346153846154,3.6
"576","576","2","CIP397069.5",10,0,0,1,5,60,90,99,100,2135,0.410576923076923,3.8
"577","577","2","CIP398190.200",10,3,0,0,5,10,65,70,88,1373,0.264038461538462,2.5
"578","578","2","CIP304366.46",10,0,10,60,90,100,100,100,100,3585,0.689423076923077,6.4
"579","579","2","CIP300099.22",10,0,0,1,3,40,65,80,90,1638,0.315,2.9
"580","580","2","CIP301055.53",10,1,5,10,20,65,75,90,99,2214,0.425769230769231,4
"581","581","2","CIP396009.258",10,1,10,40,55,55,75,80,96,2561,0.4925,4.6
"582","582","2","CIP398180.289",10,1,10,5,5,30,55,80,92,1637,0.314807692307692,2.9
"583","583","2","CIP395112.6",10,0,1,2,3,20,30,60,70,1058.5,0.203557692307692,1.9
"584","584","2","CIP300063.4",10,0,10,35,55,85,95,100,100,3025,0.581730769230769,5.4
"585","585","2","CIP396012.266",10,0,0,0,1,5,10,55,70,742,0.142692307692308,1.3
"586","586","2","CIP391058.175",10,0,0,0,1,7,20,80,90,1071,0.205961538461538,1.9
"587","587","2","CIP396273.48",10,0,5,20,30,40,65,85,96,2058.5,0.395865384615385,3.7
"588","588","2","CIP391004.18",10,2,20,40,55,65,90,90,95,2892.5,0.55625,5.2
"589","589","2","CIP396004.263",10,0,20,55,60,85,95,95,100,3250,0.625,5.8
"590","590","2","CIP390478.9",10,1,40,85,95,100,100,100,100,4055,0.779807692307692,7.2
"591","591","2","CIP395169.17",10,0,0,0,1,5,50,65,80,1127,0.216730769230769,2
"592","592","2","CIP391047.34",10,0,0,3,3,20,45,55,90,1197,0.230192307692308,2.1
"593","593","2","CIP397099.6",10,0,30,70,80,95,100,100,100,3720,0.715384615384615,6.6
"594","594","2","CIP396038.105",10,0,2,15,15,30,85,90,95,1994.5,0.383557692307692,3.6
"595","595","2","CIP398098.231",10,0,0,3,5,15,50,80,86,1372,0.263846153846154,2.5
"596","596","2","CIP397039.53",10,10,90,90,90,90,95,100,100,4420,0.85,7.9
"597","597","2","CIP397077.16",10,7,70,100,100,100,100,100,100,4480,0.861538461538462,8
"598","598","2","CIP304387.17",10,20,75,100,100,100,100,100,100,4587.5,0.882211538461538,8.2
"599","599","2","CIP396268.9",10,0,10,30,35,60,90,95,100,2605,0.500961538461538,4.7
"600","600","2","CIP800048",10,15,65,100,100,100,100,100,100,4477.5,0.861057692307692,8
"601","601","2","CIP395438.1",10,0,2,30,60,90,99,100,100,3020,0.580769230769231,5.4
"602","602","2","CIP393077.159",10,0,0,2,5,15,60,90,92,1526,0.293461538461538,2.7
"603","603","2","CIP395017.227",10,0,5,60,70,95,100,100,100,3367.5,0.647596153846154,6
"604","604","2","CIP398098.570",10,0,0,3,3,10,45,60,65,1074.5,0.206634615384615,1.9
"605","605","2","CIP392745.7",10,0,20,70,70,90,100,100,100,3530,0.678846153846154,6.3
"606","606","2","CIP381381.13",10,0,10,65,65,80,85,90,100,3130,0.601923076923077,5.6
"607","607","2","CIP381403.16",10,5,10,80,80,80,85,85,90,3295,0.633653846153846,5.9
"608","608","2","CIP398190.523",10,1,5,5,15,55,65,70,87,1822,0.350384615384615,3.3
"609","609","2","CIP301041.26",10,1,10,35,45,70,90,100,100,2820,0.542307692307692,5
"610","610","2","CIP301044.36",10,1,15,30,45,85,98,100,100,2988.5,0.574711538461538,5.3
"611","611","2","CIP304350.118",10,5,90,100,100,100,100,100,100,4640,0.892307692307692,8.3
"612","612","2","CIP381178.14",10,1,5,25,40,65,85,95,100,2567.5,0.49375,4.6
"613","613","3","CIP395015.6",7,0,0,10,15,40,60,85,100,1820,0.35,10.6
"614","614","3","CIP391585.179",10,3,1,10,20,40,85,92,100,2102.5,0.404326923076923,12.3
"615","615","3","CIP395434.1",10,0,0,5,8,60,95,100,100,2226,0.428076923076923,13
"616","616","3","CIP301040.63",10,0,1,10,10,30,60,90,100,1758.5,0.338173076923077,10.3
"617","617","3","CIP303381.30",10,0,0,5,5,50,70,100,100,1960,0.376923076923077,11.5
"618","618","3","CIP393075.54",9,2,2,20,35,40,60,100,100,2162,0.415769230769231,12.6
"619","619","3","CIP393077.54",10,0,0,5,5,30,40,50,70,1155,0.222115384615385,6.8
"620","620","3","CIP393227.66",10,0,0,0,0,5,15,15,40,385,0.0740384615384615,2.3
"621","621","3","CIP301045.74",10,0,10,60,70,90,100,100,100,3375,0.649038461538462,19.7
"622","622","3","CIP396009.258",10,0,5,15,15,20,40,60,90,1407.5,0.270673076923077,8.2
"623","623","3","CIP398208.33",10,0,10,40,55,80,100,100,100,3060,0.588461538461538,17.9
"624","624","3","CIP393077.159",10,0,1,5,5,20,30,35,60,883.5,0.169903846153846,5.2
"625","625","3","CIP396026.101",10,0,0,3,5,20,40,45,70,1036,0.199230769230769,6.1
"626","626","3","CIP304351.31",10,0,10,40,50,80,100,100,100,3025,0.581730769230769,17.7
"627","627","3","CIP300066.11",10,0,50,70,90,100,100,100,100,3995,0.768269230769231,23.4
"628","628","3","CIP394613.139",10,0,30,40,40,60,80,100,100,2845,0.547115384615385,16.6
"629","629","3","CIP396043.226",10,0,0,0,0,5,20,25,50,525,0.100961538461538,3.1
"630","630","3","CIP396241.4",10,0,10,30,35,60,95,97,100,2654,0.510384615384615,15.5
"631","631","3","CIP394613.32",10,0,40,60,65,85,100,100,100,3560,0.684615384615385,20.8
"632","632","3","CIP393615.6",10,0,5,30,40,60,90,90,95,2545,0.489423076923077,14.9
"633","633","3","CIP381381.13",10,0,2,15,30,60,90,93,100,2383,0.458269230769231,13.9
"634","634","3","CIP391047.34",10,0,0,5,5,40,50,65,80,1435,0.275961538461538,8.4
"635","635","3","CIP398193.553",10,0,5,40,55,70,90,100,100,2877.5,0.553365384615385,16.8
"636","636","3","CIP395448.1",10,0,0,5,5,30,60,75,90,1540,0.296153846153846,9
"637","637","3","CIP397196.3",10,0,0,1,1,10,40,60,90,1099,0.211346153846154,6.4
"638","638","3","CIP395193.6",10,0,10,70,85,100,100,100,100,3620,0.696153846153846,21.2
"639","639","3","CIP398098.203",10,0,0,1,2,20,70,75,90,1491,0.286730769230769,8.7
"640","640","3","CIP399049.22",10,0,5,15,15,40,60,65,80,1687.5,0.324519230769231,9.9
"641","641","3","CIP389746.2",10,0,2,30,35,80,95,100,100,2747,0.528269230769231,16.1
"642","642","3","CIP398014.2",10,2,4,30,40,75,95,99,100,2767,0.532115384615385,16.2
"643","643","3","CIP377744.1",10,0,0,10,10,30,50,55,60,1295,0.249038461538462,7.6
"644","644","3","CIP304350.100",10,3,60,100,100,100,100,100,100,4375,0.841346153846154,25.6
"645","645","3","CIP395196.4",10,0,0,10,15,30,60,70,100,1645,0.316346153846154,9.6
"646","646","3","CIP304351.109",10,0,5,40,55,70,90,100,100,2877.5,0.553365384615385,16.8
"647","647","3","CIP395112.6",10,0,0,10,15,40,65,70,90,1715,0.329807692307692,10
"648","648","3","CIP391931.1",10,0,60,80,85,95,100,100,100,4080,0.784615384615385,23.9
"649","649","3","CIP304399.5",10,0,50,80,90,100,100,100,100,4065,0.781730769230769,23.8
"650","650","3","CIP395112.32",9,0,0,5,5,30,50,65,90,1400,0.269230769230769,8.2
"651","651","3","CIP393084.31",10,0,0,2,2,20,40,55,85,1130.5,0.217403846153846,6.6
"652","652","3","CIP399085.23",10,0,0,2,2,10,15,20,40,483,0.0928846153846154,2.8
"653","653","3","CIP395077.12",10,0,0,0,0,5,30,40,80,805,0.154807692307692,4.7
"654","654","3","CIP395438.1",10,0,5,40,55,60,90,97,100,2786.5,0.535865384615385,16.3
"655","655","3","CIP398180.253",10,0,0,2,3,30,50,65,90,1365,0.2625,8
"656","656","3","CIP397039.51",10,5,60,90,100,100,100,100,100,4315,0.829807692307692,25.2
"657","657","3","CIP397006.18",9,0,50,90,95,100,100,100,100,4170,0.801923076923077,24.4
"658","658","3","CIP393385.39",9,0,0,10,15,35,70,95,100,1925,0.370192307692308,11.3
"659","659","3","CIP396240.2",10,0,0,5,5,10,40,55,85,1102.5,0.212019230769231,6.4
"660","660","3","CIP397067.2",10,3,80,100,100,100,100,100,100,4545,0.874038461538462,26.6
"661","661","3","CIP397044.25",10,1,60,90,100,100,100,100,100,4295,0.825961538461538,25.1
"662","662","3","CIP399075.32",10,0,0,0,1,10,30,50,50,812,0.156153846153846,4.8
"663","663","3","CIP398208.704",10,0,0,2,3,15,30,55,80,1015,0.195192307692308,5.9
"664","664","3","CIP392797.22",10,0,20,80,85,95,100,100,100,3740,0.719230769230769,21.9
"665","665","3","CIP303381.106",10,0,10,60,90,100,100,100,100,3585,0.689423076923077,21
"666","666","3","CIP302499.30",10,5,70,100,100,100,100,100,100,4470,0.859615384615385,26.1
"667","667","3","CIP393349.68",10,0,0,5,5,40,80,90,100,1890,0.363461538461538,11.1
"668","668","3","CIP394579.36",10,5,90,100,100,100,100,100,100,4640,0.892307692307692,27.1
"669","669","3","CIP300054.29",10,5,60,95,97,100,100,100,100,4329,0.8325,25.3
"670","670","3","CIP395186.6",10,0,50,95,100,100,100,100,100,4240,0.815384615384615,24.8
"671","671","3","CIP396063.16",10,0,10,20,20,50,70,95,100,2220,0.426923076923077,13
"672","672","3","CIP396023.109",10,0,0,0,0,10,30,50,80,910,0.175,5.3
"673","673","3","CIP392745.7",10,0,30,70,70,90,100,100,100,3615,0.695192307692308,21.1
"674","674","3","CIP391919.3",10,0,0,3,2,5,30,30,40,630,0.121153846153846,3.7
"675","675","3","CIP396038.105",10,0,0,2,2,20,30,30,40,728,0.14,4.3
"676","676","3","CIP394034.7",10,0,10,30,30,50,75,95,100,2395,0.460576923076923,14
"677","677","3","CIP304347.6",10,0,5,20,20,30,50,55,90,1582.5,0.304326923076923,9.3
"678","678","3","CIP399085.30",10,0,0,10,10,10,10,10,40,490,0.0942307692307692,2.9
"679","679","3","CIP394906.6",10,0,2,5,5,10,30,30,60,787,0.151346153846154,4.6
"680","680","3","CIP399053.11",10,0,0,0,0,2,10,15,30,294,0.0565384615384615,1.7
"681","681","3","CIP384321.3",10,0,0,0,0,2,10,10,40,294,0.0565384615384615,1.7
"682","682","3","CIP694474.33",10,0,3,20,20,40,50,60,95,1688,0.324615384615385,9.9
"683","683","3","CIP397069.5",10,0,3,5,5,20,50,75,100,1460.5,0.280865384615385,8.5
"684","684","3","CIP398190.112",10,0,1,5,5,10,40,40,60,918.5,0.176634615384615,5.4
"685","685","3","CIP391004.18",10,0,10,30,45,60,75,90,100,2535,0.4875,14.8
"686","686","3","CIP391180.6",10,0,15,60,70,90,100,100,100,3417.5,0.657211538461538,20
"687","687","3","CIP399001.44",9,0,1,5,5,30,70,85,95,1706,0.328076923076923,10
"688","688","3","CIP390637.1",10,0,2,5,5,50,60,100,100,1907,0.366730769230769,11.2
"689","689","3","CIP393280.57",10,0,0,3,5,40,70,90,100,1806,0.347307692307692,10.6
"690","690","3","CIP391724.1",10,1,80,100,100,100,100,100,100,4535,0.872115384615385,26.5
"691","691","3","CIP301044.36",7,1,5,50,50,70,80,95,100,2812.5,0.540865384615385,16.5
"692","692","3","CIP381381.9",10,0,5,60,60,90,100,100,100,3262.5,0.627403846153846,19.1
"693","693","3","CIP391065.69",10,0,0,10,15,30,50,60,80,1435,0.275961538461538,8.4
"694","694","3","CIP393228.67",10,0,0,5,5,20,30,40,70,945,0.181730769230769,5.5
"695","695","3","Yunshu902",10,0,20,60,65,95,100,100,100,3460,0.665384615384615,20.2
"696","696","3","CIP304383.41",10,0,70,95,97,100,100,100,100,4389,0.844038461538462,25.7
"697","697","3","CIP800923",10,0,40,100,100,100,100,100,100,4190,0.805769230769231,24.5
"698","698","3","CIP396272.21",9,0,5,30,50,60,90,95,100,2667.5,0.512980769230769,15.6
"699","699","3","CIP397060.19",10,0,10,60,70,90,100,100,100,3375,0.649038461538462,19.7
"700","700","3","CIP398192.553",9,0,1,10,10,30,50,60,70,1373.5,0.264134615384615,8
"701","701","3","CIP394900.1",10,0,70,90,92,95,100,100,100,4284,0.823846153846154,25.1
"702","702","3","CIP397012.22",10,0,40,60,60,80,90,100,100,3420,0.657692307692308,20
"703","703","3","CIP397055.2",10,0,50,90,92,97,100,100,100,4128,0.793846153846154,24.1
"704","704","3","CIP301029.18",10,0,0,0,0,5,10,10,30,280,0.0538461538461538,1.6
"705","705","3","CIP391058.175",10,0,0,2,0,10,30,60,90,1029,0.197884615384615,6
"706","706","3","CIP398190.735",10,0,0,10,10,40,40,40,80,1260,0.242307692307692,7.4
"707","707","3","CIP393079.4",10,0,0,2,2,10,40,55,65,990.5,0.190480769230769,5.8
"708","708","3","CIP396268.9",10,0,2,10,10,20,50,50,80,1277,0.245576923076923,7.5
"709","709","3","CIP398180.612",10,0,0,2,2,15,30,35,65,815.5,0.156826923076923,4.8
"710","710","3","CIP304405.47",10,0,5,20,20,30,60,85,100,1897.5,0.364903846153846,11.1
"711","711","3","CIP393339.242",10,0,0,1,1,20,40,50,80,1064,0.204615384615385,6.2
"712","712","3","CIP398098.65",10,2,5,30,35,40,50,65,90,1907.5,0.366826923076923,11.2
"713","713","3","CIP396034.103",10,0,0,10,10,40,60,80,100,1750,0.336538461538462,10.2
"714","714","3","CIP395112.36",10,0,0,10,10,30,50,60,95,1452.5,0.279326923076923,8.5
"715","715","3","CIP300135.3",10,0,30,90,95,100,100,100,100,4000,0.769230769230769,23.4
"716","716","3","CIP394034.65",10,0,30,50,50,50,60,80,100,2635,0.506730769230769,15.4
"717","717","3","CIP398193.158",10,0,1,10,10,40,40,45,70,1268.5,0.243942307692308,7.4
"718","718","3","CIP397078.12",10,0,45,90,90,95,100,100,100,4057.5,0.780288461538462,23.7
"719","719","3","CIP395037.107",10,0,5,15,15,40,40,45,80,1407.5,0.270673076923077,8.2
"720","720","3","CIP392657.8",10,0,0,30,35,50,60,75,100,2100,0.403846153846154,12.3
"721","721","3","CIP399075.7",9,0,0,5,5,10,30,45,70,910,0.175,5.3
"722","722","3","CIP399067.22",9,0,0,20,20,30,40,45,70,1330,0.255769230769231,7.8
"723","723","3","CIP397039.53",10,0,2,60,60,90,90,100,100,3167,0.609038461538462,18.5
"724","724","3","CIP304406.31",10,0,45,90,95,100,100,100,100,4127.5,0.79375,24.1
"725","725","3","CIP391065.81",10,0,0,3,3,5,30,35,80,812,0.156153846153846,4.8
"726","726","3","CIP393617.1",9,0,0,20,20,30,50,55,85,1522.5,0.292788461538462,8.9
"727","727","3","CIP396034.268",10,0,15,30,30,40,50,60,90,1912.5,0.367788461538462,11.2
"728","728","3","CIP392759.1",10,0,20,60,60,75,80,90,100,3075,0.591346153846154,18
"729","729","3","CIP398208.620",10,0,0,5,5,10,30,55,60,945,0.181730769230769,5.5
"730","730","3","CIP394223.19",10,0,15,50,50,50,60,65,100,2402.5,0.462019230769231,14.1
"731","731","3","CIP392973.48",10,2,20,70,70,90,95,95,100,3470,0.667307692307692,20.3
"732","732","3","CIP396272.37",7,0,0,2,2,10,30,35,60,763,0.146730769230769,4.5
"733","733","3","CIP304387.39",8,3,45,95,100,100,100,100,100,4212.5,0.810096153846154,24.6
"734","734","3","CIP304345.102",10,2,20,60,60,70,80,85,100,3015,0.579807692307692,17.6
"735","735","3","CIP397036.7",10,0,45,70,70,85,90,95,100,3602.5,0.692788461538462,21.1
"736","736","3","CIP398098.205",10,0,0,1,1,5,20,20,40,469,0.0901923076923077,2.7
"737","737","3","CIP393371.157",10,0,2,10,15,20,40,45,70,1172,0.225384615384615,6.9
"738","738","3","CIP301026.23",10,0,5,60,65,70,90,95,100,3052.5,0.587019230769231,17.9
"739","739","3","CIP398098.570",10,0,0,10,10,30,70,75,95,1697.5,0.326442307692308,9.9
"740","740","3","CIP396031.119",10,0,2,20,25,60,90,95,100,2397,0.460961538461538,14
"741","741","3","CIP396063.1",10,0,0,10,15,30,60,65,100,1610,0.309615384615385,9.4
"742","742","3","CIP397079.6",10,0,35,70,75,85,90,93,100,3538.5,0.680480769230769,20.7
"743","743","3","CIP396273.48",10,0,10,40,40,60,70,75,90,2395,0.460576923076923,14
"744","744","3","CIP398208.29",10,0,5,50,50,60,60,65,100,2387.5,0.459134615384615,14
"745","745","3","CIP399072.28",10,0,0,5,5,30,40,40,70,1085,0.208653846153846,6.3
"746","746","3","CIP391046.14",10,0,5,80,85,95,95,98,100,3563.5,0.685288461538462,20.8
"747","747","3","CIP302476.108",10,0,40,90,95,100,100,100,100,4085,0.785576923076923,23.9
"748","748","3","CIP397030.31",10,0,2,30,30,40,50,55,85,1749.5,0.336442307692308,10.2
"749","749","3","CIP394614.117",10,0,0,10,10,40,70,78,95,1788.5,0.343942307692308,10.5
"750","750","3","CIP301055.53",9,0,20,60,60,80,90,95,100,3215,0.618269230769231,18.8
"751","751","3","CIP300048.12",10,0,60,95,100,100,100,100,100,4325,0.831730769230769,25.3
"752","752","3","CIP393284.39",10,0,2,2,2,10,30,30,70,780,0.15,4.6
"753","753","3","CIP302498.70",9,0,30,70,90,100,100,100,100,3825,0.735576923076923,22.4
"754","754","3","CIP396027.205",10,0,5,10,10,10,30,30,50,847.5,0.162980769230769,5
"755","755","3","CIP388611.22",10,0,10,20,30,50,70,85,100,2220,0.426923076923077,13
"756","756","3","CIP394898.13",10,0,2,10,10,20,30,30,50,892,0.171538461538462,5.2
"757","757","3","CIP394881.8",10,10,80,100,100,100,100,100,100,4580,0.880769230769231,26.8
"758","758","3","CIP304383.80",10,5,90,100,100,100,100,100,100,4640,0.892307692307692,27.1
"759","759","3","CIP396008.104",10,0,5,30,50,65,80,85,100,2562.5,0.492788461538462,15
"760","760","3","CIP398190.530",10,0,0,0,1,5,30,35,50,672,0.129230769230769,3.9
"761","761","3","CIP392740.4",10,2,50,95,95,100,100,100,100,4215,0.810576923076923,24.7
"762","762","3","CIP396180.22",10,0,5,5,5,15,40,45,70,1057.5,0.203365384615385,6.2
"763","763","3","CIP304350.118",10,3,90,100,100,100,100,100,100,4630,0.890384615384615,27.1
"764","764","3","CIP395197.5",10,0,20,50,65,80,90,95,100,3180,0.611538461538462,18.6
"765","765","3","CIP395017.229",10,0,0,1,1,10,40,40,50,819,0.1575,4.8
"766","766","3","CIP391580.30",9,0,30,50,55,90,95,95,100,3300,0.634615384615385,19.3
"767","767","3","CIP393079.24",10,0,0,10,10,30,50,55,80,1365,0.2625,8
"768","768","3","CIP398193.650",10,0,0,5,5,20,40,45,65,1032.5,0.198557692307692,6
"769","769","3","CIP392025.7",10,0,5,30,35,70,90,100,100,2667.5,0.512980769230769,15.6
"770","770","3","CIP397197.9",10,2,40,90,97,100,100,100,100,4109,0.790192307692308,24
"771","771","3","CIP391930.1",10,0,10,40,40,60,70,75,95,2412.5,0.463942307692308,14.1
"772","772","3","Yunshu103",10,0,1,10,10,30,70,80,100,1758.5,0.338173076923077,10.3
"773","773","3","CIP397099.6",10,3,40,90,85,90,90,90,100,3820,0.734615384615385,22.3
"774","774","3","CIP392634.49",10,0,0,2,2,30,50,60,80,1288,0.247692307692308,7.5
"775","775","3","CIP374080.5",10,0,2,10,10,30,50,55,70,1347,0.259038461538462,7.9
"776","776","3","CIP394600.52",10,0,2,50,60,80,100,100,100,3097,0.595576923076923,18.1
"777","777","3","CIP388676.1",10,0,15,80,85,100,100,100,100,3732.5,0.717788461538462,21.8
"778","778","3","CIP396240.23",10,0,1,2,2,5,30,35,60,736.5,0.141634615384615,4.3
"779","779","3","CIP391583.25",10,0,0,1,1,10,40,45,60,889,0.170961538461538,5.2
"780","780","3","CIP396268.1",10,0,15,50,55,65,70,75,95,2665,0.5125,15.6
"781","781","3","CIP301041.26",10,0,1,20,30,65,80,90,100,2353.5,0.452596153846154,13.8
"782","782","3","CIP388972.22",10,0,30,80,85,95,100,100,100,3825,0.735576923076923,22.4
"783","783","3","CIP398208.670",10,0,0,2,5,30,60,70,95,1501.5,0.28875,8.8
"784","784","3","CIP396009.240",6,0,0,1,1,10,30,40,70,819,0.1575,4.8
"785","785","3","CIP393083.2",10,0,0,2,2,5,20,20,50,518,0.0996153846153846,3
"786","786","3","CIP393385.47",8,0,2,20,30,40,70,70,80,1907,0.366730769230769,11.2
"787","787","3","CIP398192.213",10,0,5,10,15,40,60,65,95,1705,0.327884615384615,10
"788","788","3","CIP391585.5",10,0,2,3,5,5,20,35,80,773,0.148653846153846,4.5
"789","789","3","CIP398180.144",9,0,0,2,2,20,50,60,90,1253,0.240961538461538,7.3
"790","790","3","CIP392634.52",10,0,0,3,2,10,30,30,70,770,0.148076923076923,4.5
"791","791","3","CIP395169.17",10,0,0,5,5,10,30,30,70,805,0.154807692307692,4.7
"792","792","3","CIP391011.17",10,0,5,10,10,30,50,55,60,1337.5,0.257211538461538,7.8
"793","793","3","CIP391382.18",10,0,20,70,75,90,95,95,100,3495,0.672115384615385,20.4
"794","794","3","CIP392633.64",10,0,70,95,97,100,100,100,100,4389,0.844038461538462,25.7
"795","795","3","CIP388615.22",10,0,50,95,96,100,100,100,100,4212,0.81,24.6
"796","796","3","CIP392781.1",10,0,0,2,2,20,40,60,80,1148,0.220769230769231,6.7
"797","797","3","CIP304350.95",10,2,100,100,100,100,100,100,100,4710,0.905769230769231,27.6
"798","798","3","CIP300046.22",10,0,0,10,10,40,60,70,90,1645,0.316346153846154,9.6
"799","799","3","CIP800048",9,0,25,30,30,20,30,40,30,1367.5,0.262980769230769,8
"800","800","3","CIP396244.12",10,0,2,10,10,30,60,70,90,1592,0.306153846153846,9.3
"801","801","3","CIP395112.19",9,0,1,5,5,30,40,40,65,1076,0.206923076923077,6.3
"802","802","3","CIP399067.14",10,0,0,2,3,10,30,30,50,700,0.134615384615385,4.1
"803","803","3","CIP399053.15",9,0,10,40,50,60,70,75,80,2430,0.467307692307692,14.2
"804","804","3","CIP398190.605",3,0,5,10,10,10,40,45,80,1127.5,0.216826923076923,6.6
"805","805","3","CIP396046.105",10,2,20,30,30,30,30,30,40,1370,0.263461538461538,8
"806","806","3","CIP393085.5",10,0,0,2,2,10,30,35,50,728,0.14,4.3
"807","807","3","CIP397035.26",10,0,30,80,80,90,95,98,100,3706,0.712692307692308,21.7
"808","808","3","CIP300063.9",10,3,55,70,70,70,85,90,100,3527.5,0.678365384615385,20.6
"809","809","3","CIP392657.171",10,0,0,1,1,2,20,20,40,448,0.0861538461538462,2.6
"810","810","3","CIP395109.34",10,0,15,20,35,50,50,55,90,1912.5,0.367788461538462,11.2
"811","811","3","CIP397065.2",10,0,30,60,65,80,90,95,100,3335,0.641346153846154,19.5
"812","812","3","CIP304371.58",10,0,30,60,65,85,90,95,100,3370,0.648076923076923,19.7
"813","813","3","CIP398190.200",10,0,0,2,2,10,20,25,40,553,0.106346153846154,3.2
"814","814","3","CIP396012.266",9,0,0,2,2,10,30,35,50,728,0.14,4.3
"815","815","3","CIP399079.22",10,0,5,10,10,30,40,45,60,1197.5,0.230288461538462,7
"816","816","3","CIP398208.219",10,0,5,30,35,50,65,75,100,2177.5,0.41875,12.7
"817","817","3","CIP395111.13",10,0,0,2,2,2,10,10,10,217,0.0417307692307692,1.3
"818","818","3","CIP394895.7",10,0,1,5,5,40,60,70,90,1583.5,0.304519230769231,9.3
"819","819","3","CIP399049.16",10,0,10,15,15,30,20,20,30,890,0.171153846153846,5.2
"820","820","3","CIP395017.242",10,0,0,1,1,20,30,35,50,784,0.150769230769231,4.6
"821","821","3","CIP304387.17",10,0,85,100,100,100,100,100,100,4572.5,0.879326923076923,26.7
"822","822","3","CIP397073.15",10,0,70,95,95,98,100,100,100,4361,0.838653846153846,25.5
"823","823","3","CIP397079.26",10,0,15,30,30,50,70,80,100,2297.5,0.441826923076923,13.4
"824","824","3","CIP398208.58",10,1,15,50,55,70,80,85,95,2845,0.547115384615385,16.6
"825","825","3","CIP393220.54",10,0,60,80,85,95,100,100,100,4080,0.784615384615385,23.9
"826","826","3","CIP300099.22",10,0,0,2,2,30,50,55,95,1305.5,0.251057692307692,7.6
"827","827","3","CIP395017.14",10,0,0,5,5,10,30,40,60,840,0.161538461538462,4.9
"828","828","3","CIP391533.1",10,0,1,30,35,70,90,95,100,2598.5,0.499711538461538,15.2
"829","829","3","CIP396269.16",10,0,0,10,10,30,50,60,80,1400,0.269230769230769,8.2
"830","830","3","CIP396004.225",10,0,5,30,30,40,60,70,90,1967.5,0.378365384615385,11.5
"831","831","3","CIP395195.7",10,0,10,20,30,50,65,75,95,2097.5,0.403365384615385,12.3
"832","832","3","CIP396031.108",8,0,5,20,15,20,40,45,60,1232.5,0.237019230769231,7.2
"833","833","3","CIP396033.102",8,0,5,20,15,20,40,60,80,1407.5,0.270673076923077,8.2
"834","834","3","CIP399078.11",10,0,0,2,2,20,30,35,60,833,0.160192307692308,4.9
"835","835","3","CIP393073.179",10,0,10,5,5,10,30,35,40,820,0.157692307692308,4.8
"836","836","3","CIP394899.5",10,0,0,2,2,10,40,50,80,1008,0.193846153846154,5.9
"837","837","3","CIP393613.2",10,0,80,90,85,90,95,98,100,4236,0.814615384615385,24.8
"838","838","3","CIP393371.58",10,0,0,0,0,2,10,15,40,329,0.0632692307692308,1.9
"839","839","3","CIP304350.78",10,0,0,1,0,2,20,20,50,476,0.0915384615384615,2.8
"840","840","3","CIP300063.4",10,0,45,60,60,60,75,85,100,3112.5,0.598557692307692,18.2
"841","841","3","CIP399073.23",10,0,0,2,3,5,20,20,30,455,0.0875,2.7
"842","842","3","Cooperation88",10,0,10,20,20,40,60,70,80,1835,0.352884615384615,10.7
"843","843","3","CIP300093.14",10,5,90,100,100,100,100,100,100,4640,0.892307692307692,27.1
"844","844","3","CIP398192.41",10,0,40,50,60,70,80,90,100,3140,0.603846153846154,18.4
"845","845","3","CIP395017.227",10,0,20,50,60,70,80,85,100,2935,0.564423076923077,17.2
"846","846","3","CIP393248.55",10,0,0,3,3,30,40,55,90,1232,0.236923076923077,7.2
"847","847","3","CIP393382.44",10,0,5,30,30,40,60,70,80,1932.5,0.371634615384615,11.3
"848","848","3","CIP300056.33",10,0,5,40,50,80,90,93,95,2846,0.547307692307692,16.6
"849","849","3","CIP391207.2",10,0,20,90,95,100,100,100,100,3915,0.752884615384615,22.9
"850","850","3","CIP389468.3",10,0,10,50,55,80,90,95,100,3025,0.581730769230769,17.7
"851","851","3","CIP304387.92",10,0,60,100,100,100,100,100,100,4360,0.838461538461538,25.5
"852","852","3","CIP390478.9",10,0,60,95,97,100,100,100,100,4304,0.827692307692308,25.2
"853","853","3","CIP398190.615",10,0,0,5,5,20,40,50,70,1085,0.208653846153846,6.3
"854","854","3","CIP392637.10",10,0,0,2,2,10,20,25,40,553,0.106346153846154,3.2
"855","855","3","CIP393280.82",10,0,0,0,0,5,20,25,40,490,0.0942307692307692,2.9
"856","856","3","CIP300065.4",10,0,20,50,65,75,90,95,100,3145,0.604807692307692,18.4
"857","857","3","CIP387164.4",10,0,0,0,1,10,20,30,50,602,0.115769230769231,3.5
"858","858","3","CIP393280.64",10,0,5,10,15,15,30,35,50,952.5,0.183173076923077,5.6
"859","859","3","CIP379706.27",10,0,60,80,85,95,95,100,100,4045,0.777884615384615,23.7
"860","860","3","CIP396269.14",10,0,10,40,40,50,70,80,90,2360,0.453846153846154,13.8
"861","861","3","CIP395109.29",10,0,0,3,3,20,50,60,70,1197,0.230192307692308,7
"862","862","3","CIP397098.12",10,5,20,40,50,60,80,90,100,2785,0.535576923076923,16.3
"863","863","3","CIP395432.51",10,0,50,60,60,60,60,70,100,2945,0.566346153846154,17.2
"864","864","3","CIP304394.56",10,20,100,100,100,100,100,100,100,4800,0.923076923076923,28.1
"865","865","3","CIP392639.34",10,0,20,30,30,30,60,70,95,2042.5,0.392788461538462,11.9
"866","866","3","CIP397077.16",10,1,80,95,97,100,100,100,100,4479,0.861346153846154,26.2
"867","867","3","CIP300055.32",10,0,0,2,2,10,40,65,90,1148,0.220769230769231,6.7
"868","868","3","CIP392617.54",10,0,0,2,2,10,40,50,70,973,0.187115384615385,5.7
"869","869","3","CIP398208.505",10,0,0,2,2,10,20,40,65,745.5,0.143365384615385,4.4
"870","870","3","CIP381379.12",10,0,0,2,2,10,30,40,60,798,0.153461538461538,4.7
"871","871","3","CIP393073.197",10,0,5,40,40,40,50,55,80,1897.5,0.364903846153846,11.1
"872","872","3","CIP398192.592",10,0,0,5,5,20,30,50,70,1015,0.195192307692308,5.9
"873","873","3","CIP392821.1",10,0,0,2,2,20,40,60,90,1183,0.2275,6.9
"874","874","3","CIP393371.164",10,0,0,2,1,5,20,30,40,546,0.105,3.2
"875","875","3","CIP393371.159",10,0,5,10,10,20,40,45,70,1162.5,0.223557692307692,6.8
"876","876","3","CIP398190.404",10,0,0,0,0,2,10,10,40,294,0.0565384615384615,1.7
"877","877","3","CIP301024.14",10,0,0,3,2,10,30,35,50,735,0.141346153846154,4.3
"878","878","3","CIP398180.289",10,0,0,3,1,10,30,35,40,693,0.133269230769231,4.1
"879","879","3","CIP398190.571",10,0,2,5,3,5,20,25,40,563,0.108269230769231,3.3
"880","880","3","CIP397100.9",10,5,60,90,95,100,100,100,100,4280,0.823076923076923,25
"881","881","3","CIP398190.523",10,0,0,10,10,30,60,75,90,1610,0.309615384615385,9.4
"882","882","3","CIP394904.20",10,0,0,10,10,20,30,35,40,875,0.168269230769231,5.1
"883","883","3","CIP396038.107",10,0,20,30,30,30,40,55,80,1745,0.335576923076923,10.2
"884","884","3","CIP304366.46",10,0,40,70,70,80,90,90,100,3490,0.671153846153846,20.4
"885","885","3","CIP397196.8",10,3,50,90,90,95,100,100,100,4115,0.791346153846154,24.1
"886","886","3","CIP392032.2",10,5,60,80,85,90,95,100,100,4035,0.775961538461538,23.6
"887","887","3","CIP396018.241",10,0,3,10,20,30,40,50,60,1285.5,0.247211538461538,7.5
"888","888","3","CIP301024.95",10,0,0,2,1,5,10,20,50,441,0.0848076923076923,2.6
"889","889","3","CIP396026.103",10,0,5,10,10,20,20,25,40,777.5,0.149519230769231,4.5
"890","890","3","CIP398203.509",10,0,0,10,10,30,40,60,90,1365,0.2625,8
"891","891","3","CIP392285.72",10,0,0,5,5,10,30,35,50,770,0.148076923076923,4.5
"892","892","3","CIP398098.119",10,0,0,2,2,10,20,40,40,658,0.126538461538462,3.8
"893","893","3","CIP381178.14",10,0,10,40,40,50,70,85,100,2430,0.467307692307692,14.2
"894","894","3","CIP301037.85",10,0,5,20,20,40,40,50,20,1302.5,0.250480769230769,7.6
"895","895","3","CIP300072.1",10,0,70,100,100,100,100,100,100,4445,0.854807692307692,26
"896","896","3","CIP395123.6",10,0,0,3,3,10,20,25,40,567,0.109038461538462,3.3
"897","897","3","CIP396272.18",10,0,20,40,45,60,70,75,95,2532.5,0.487019230769231,14.8
"898","898","3","CIP392822.3",10,2,70,95,97,100,100,100,100,4399,0.845961538461538,25.7
"899","899","3","CIP395096.2",10,0,0,10,5,15,30,40,50,875,0.168269230769231,5.1
"900","900","3","CIP398098.231",10,0,0,10,5,5,10,15,30,420,0.0807692307692308,2.5
"901","901","3","CIP395436.8",10,2,5,30,45,50,70,85,100,2362.5,0.454326923076923,13.8
"902","902","3","CIP396038.101",10,0,20,40,50,60,80,85,95,2707.5,0.520673076923077,15.8
"903","903","3","CIP396004.263",10,1,10,40,45,50,70,85,100,2470,0.475,14.4
"904","904","3","CIP397029.21",10,0,20,40,40,40,60,95,100,2445,0.470192307692308,14.3
"905","905","3","CIP300101.11",10,0,40,60,60,80,85,90,100,3315,0.6375,19.4
"906","906","3","CIP301023.15",10,0,0,5,5,20,40,50,90,1155,0.222115384615385,6.8
"907","907","3","CIP399083.4",10,0,2,5,5,5,20,30,40,612,0.117692307692308,3.6
"908","908","3","CIP385499.11",10,3,70,90,90,95,100,100,100,4285,0.824038461538461,25.1
"909","909","3","CIP304350.18",10,10,80,100,100,100,100,100,100,4580,0.880769230769231,26.8
"910","910","3","CIP381403.16",10,0,10,20,25,30,40,50,60,1450,0.278846153846154,8.5
"911","911","3","CIP399004.19",10,0,2,5,5,5,20,25,50,612,0.117692307692308,3.6
"912","912","3","CIP395011.2",10,0,0,2,2,10,30,40,60,798,0.153461538461538,4.7
"913","913","3","CIP399049.14",10,0,3,5,5,10,20,20,30,550.5,0.105865384615385,3.2
"914","914","3","CIP301056.54",10,0,5,30,35,50,60,65,90,2037.5,0.391826923076923,11.9
"915","915","3","CIP302428.20",10,0,70,95,100,100,100,100,100,4410,0.848076923076923,25.8
"916","916","3","CIP304371.67",10,0,50,95,96,100,100,100,100,4212,0.81,24.6
"917","917","3","CIP397016.7",10,3,80,100,100,100,100,100,100,4545,0.874038461538462,26.6
"918","918","3","CIP800959",10,0,40,90,90,95,95,100,100,3980,0.765384615384615,23.3
